khoa_ngay,ngay_day_du,nam,quy,thang,tuan,ngay,ten_thang,ten_thu,la_cuoi_tuan
20220101,2022-01-01,2022,1,1,52,1,January,Saturday,1
20220102,2022-01-02,2022,1,1,52,2,January,Sunday,1
20220103,2022-01-03,2022,1,1,1,3,January,Monday,0
20220104,2022-01-04,2022,1,1,1,4,January,Tuesday,0
20220105,2022-01-05,2022,1,1,1,5,January,Wednesday,0
20220106,2022-01-06,2022,1,1,1,6,January,Thursday,0
20220107,2022-01-07,2022,1,1,1,7,January,Friday,0
20220108,2022-01-08,2022,1,1,1,8,January,Saturday,1
20220109,2022-01-09,2022,1,1,1,9,January,Sunday,1
20220110,2022-01-10,2022,1,1,2,10,January,Monday,0
20220111,2022-01-11,2022,1,1,2,11,January,Tuesday,0
20220112,2022-01-12,2022,1,1,2,12,January,Wednesday,0
20220113,2022-01-13,2022,1,1,2,13,January,Thursday,0
20220114,2022-01-14,2022,1,1,2,14,January,Friday,0
20220115,2022-01-15,2022,1,1,2,15,January,Saturday,1
20220116,2022-01-16,2022,1,1,2,16,January,Sunday,1
20220117,2022-01-17,2022,1,1,3,17,January,Monday,0
20220118,2022-01-18,2022,1,1,3,18,January,Tuesday,0
20220119,2022-01-19,2022,1,1,3,19,January,Wednesday,0
20220120,2022-01-20,2022,1,1,3,20,January,Thursday,0
20220121,2022-01-21,2022,1,1,3,21,January,Friday,0
20220122,2022-01-22,2022,1,1,3,22,January,Saturday,1
20220123,2022-01-23,2022,1,1,3,23,January,Sunday,1
20220124,2022-01-24,2022,1,1,4,24,January,Monday,0
20220125,2022-01-25,2022,1,1,4,25,January,Tuesday,0
20220126,2022-01-26,2022,1,1,4,26,January,Wednesday,0
20220127,2022-01-27,2022,1,1,4,27,January,Thursday,0
20220128,2022-01-28,2022,1,1,4,28,January,Friday,0
20220129,2022-01-29,2022,1,1,4,29,January,Saturday,1
20220130,2022-01-30,2022,1,1,4,30,January,Sunday,1
20220131,2022-01-31,2022,1,1,5,31,January,Monday,0
20220201,2022-02-01,2022,1,2,5,1,February,Tuesday,0
20220202,2022-02-02,2022,1,2,5,2,February,Wednesday,0
20220203,2022-02-03,2022,1,2,5,3,February,Thursday,0
20220204,2022-02-04,2022,1,2,5,4,February,Friday,0
20220205,2022-02-05,2022,1,2,5,5,February,Saturday,1
20220206,2022-02-06,2022,1,2,5,6,February,Sunday,1
20220207,2022-02-07,2022,1,2,6,7,February,Monday,0
20220208,2022-02-08,2022,1,2,6,8,February,Tuesday,0
20220209,2022-02-09,2022,1,2,6,9,February,Wednesday,0
20220210,2022-02-10,2022,1,2,6,10,February,Thursday,0
20220211,2022-02-11,2022,1,2,6,11,February,Friday,0
20220212,2022-02-12,2022,1,2,6,12,February,Saturday,1
20220213,2022-02-13,2022,1,2,6,13,February,Sunday,1
20220214,2022-02-14,2022,1,2,7,14,February,Monday,0
20220215,2022-02-15,2022,1,2,7,15,February,Tuesday,0
20220216,2022-02-16,2022,1,2,7,16,February,Wednesday,0
20220217,2022-02-17,2022,1,2,7,17,February,Thursday,0
20220218,2022-02-18,2022,1,2,7,18,February,Friday,0
20220219,2022-02-19,2022,1,2,7,19,February,Saturday,1
20220220,2022-02-20,2022,1,2,7,20,February,Sunday,1
20220221,2022-02-21,2022,1,2,8,21,February,Monday,0
20220222,2022-02-22,2022,1,2,8,22,February,Tuesday,0
20220223,2022-02-23,2022,1,2,8,23,February,Wednesday,0
20220224,2022-02-24,2022,1,2,8,24,February,Thursday,0
20220225,2022-02-25,2022,1,2,8,25,February,Friday,0
20220226,2022-02-26,2022,1,2,8,26,February,Saturday,1
20220227,2022-02-27,2022,1,2,8,27,February,Sunday,1
20220228,2022-02-28,2022,1,2,9,28,February,Monday,0
20220301,2022-03-01,2022,1,3,9,1,March,Tuesday,0
20220302,2022-03-02,2022,1,3,9,2,March,Wednesday,0
20220303,2022-03-03,2022,1,3,9,3,March,Thursday,0
20220304,2022-03-04,2022,1,3,9,4,March,Friday,0
20220305,2022-03-05,2022,1,3,9,5,March,Saturday,1
20220306,2022-03-06,2022,1,3,9,6,March,Sunday,1
20220307,2022-03-07,2022,1,3,10,7,March,Monday,0
20220308,2022-03-08,2022,1,3,10,8,March,Tuesday,0
20220309,2022-03-09,2022,1,3,10,9,March,Wednesday,0
20220310,2022-03-10,2022,1,3,10,10,March,Thursday,0
20220311,2022-03-11,2022,1,3,10,11,March,Friday,0
20220312,2022-03-12,2022,1,3,10,12,March,Saturday,1
20220313,2022-03-13,2022,1,3,10,13,March,Sunday,1
20220314,2022-03-14,2022,1,3,11,14,March,Monday,0
20220315,2022-03-15,2022,1,3,11,15,March,Tuesday,0
20220316,2022-03-16,2022,1,3,11,16,March,Wednesday,0
20220317,2022-03-17,2022,1,3,11,17,March,Thursday,0
20220318,2022-03-18,2022,1,3,11,18,March,Friday,0
20220319,2022-03-19,2022,1,3,11,19,March,Saturday,1
20220320,2022-03-20,2022,1,3,11,20,March,Sunday,1
20220321,2022-03-21,2022,1,3,12,21,March,Monday,0
20220322,2022-03-22,2022,1,3,12,22,March,Tuesday,0
20220323,2022-03-23,2022,1,3,12,23,March,Wednesday,0
20220324,2022-03-24,2022,1,3,12,24,March,Thursday,0
20220325,2022-03-25,2022,1,3,12,25,March,Friday,0
20220326,2022-03-26,2022,1,3,12,26,March,Saturday,1
20220327,2022-03-27,2022,1,3,12,27,March,Sunday,1
20220328,2022-03-28,2022,1,3,13,28,March,Monday,0
20220329,2022-03-29,2022,1,3,13,29,March,Tuesday,0
20220330,2022-03-30,2022,1,3,13,30,March,Wednesday,0
20220331,2022-03-31,2022,1,3,13,31,March,Thursday,0
20220401,2022-04-01,2022,2,4,13,1,April,Friday,0
20220402,2022-04-02,2022,2,4,13,2,April,Saturday,1
20220403,2022-04-03,2022,2,4,13,3,April,Sunday,1
20220404,2022-04-04,2022,2,4,14,4,April,Monday,0
20220405,2022-04-05,2022,2,4,14,5,April,Tuesday,0
20220406,2022-04-06,2022,2,4,14,6,April,Wednesday,0
20220407,2022-04-07,2022,2,4,14,7,April,Thursday,0
20220408,2022-04-08,2022,2,4,14,8,April,Friday,0
20220409,2022-04-09,2022,2,4,14,9,April,Saturday,1
20220410,2022-04-10,2022,2,4,14,10,April,Sunday,1
20220411,2022-04-11,2022,2,4,15,11,April,Monday,0
20220412,2022-04-12,2022,2,4,15,12,April,Tuesday,0
20220413,2022-04-13,2022,2,4,15,13,April,Wednesday,0
20220414,2022-04-14,2022,2,4,15,14,April,Thursday,0
20220415,2022-04-15,2022,2,4,15,15,April,Friday,0
20220416,2022-04-16,2022,2,4,15,16,April,Saturday,1
20220417,2022-04-17,2022,2,4,15,17,April,Sunday,1
20220418,2022-04-18,2022,2,4,16,18,April,Monday,0
20220419,2022-04-19,2022,2,4,16,19,April,Tuesday,0
20220420,2022-04-20,2022,2,4,16,20,April,Wednesday,0
20220421,2022-04-21,2022,2,4,16,21,April,Thursday,0
20220422,2022-04-22,2022,2,4,16,22,April,Friday,0
20220423,2022-04-23,2022,2,4,16,23,April,Saturday,1
20220424,2022-04-24,2022,2,4,16,24,April,Sunday,1
20220425,2022-04-25,2022,2,4,17,25,April,Monday,0
20220426,2022-04-26,2022,2,4,17,26,April,Tuesday,0
20220427,2022-04-27,2022,2,4,17,27,April,Wednesday,0
20220428,2022-04-28,2022,2,4,17,28,April,Thursday,0
20220429,2022-04-29,2022,2,4,17,29,April,Friday,0
20220430,2022-04-30,2022,2,4,17,30,April,Saturday,1
20220501,2022-05-01,2022,2,5,17,1,May,Sunday,1
20220502,2022-05-02,2022,2,5,18,2,May,Monday,0
20220503,2022-05-03,2022,2,5,18,3,May,Tuesday,0
20220504,2022-05-04,2022,2,5,18,4,May,Wednesday,0
20220505,2022-05-05,2022,2,5,18,5,May,Thursday,0
20220506,2022-05-06,2022,2,5,18,6,May,Friday,0
20220507,2022-05-07,2022,2,5,18,7,May,Saturday,1
20220508,2022-05-08,2022,2,5,18,8,May,Sunday,1
20220509,2022-05-09,2022,2,5,19,9,May,Monday,0
20220510,2022-05-10,2022,2,5,19,10,May,Tuesday,0
20220511,2022-05-11,2022,2,5,19,11,May,Wednesday,0
20220512,2022-05-12,2022,2,5,19,12,May,Thursday,0
20220513,2022-05-13,2022,2,5,19,13,May,Friday,0
20220514,2022-05-14,2022,2,5,19,14,May,Saturday,1
20220515,2022-05-15,2022,2,5,19,15,May,Sunday,1
20220516,2022-05-16,2022,2,5,20,16,May,Monday,0
20220517,2022-05-17,2022,2,5,20,17,May,Tuesday,0
20220518,2022-05-18,2022,2,5,20,18,May,Wednesday,0
20220519,2022-05-19,2022,2,5,20,19,May,Thursday,0
20220520,2022-05-20,2022,2,5,20,20,May,Friday,0
20220521,2022-05-21,2022,2,5,20,21,May,Saturday,1
20220522,2022-05-22,2022,2,5,20,22,May,Sunday,1
20220523,2022-05-23,2022,2,5,21,23,May,Monday,0
20220524,2022-05-24,2022,2,5,21,24,May,Tuesday,0
20220525,2022-05-25,2022,2,5,21,25,May,Wednesday,0
20220526,2022-05-26,2022,2,5,21,26,May,Thursday,0
20220527,2022-05-27,2022,2,5,21,27,May,Friday,0
20220528,2022-05-28,2022,2,5,21,28,May,Saturday,1
20220529,2022-05-29,2022,2,5,21,29,May,Sunday,1
20220530,2022-05-30,2022,2,5,22,30,May,Monday,0
20220531,2022-05-31,2022,2,5,22,31,May,Tuesday,0
20220601,2022-06-01,2022,2,6,22,1,June,Wednesday,0
20220602,2022-06-02,2022,2,6,22,2,June,Thursday,0
20220603,2022-06-03,2022,2,6,22,3,June,Friday,0
20220604,2022-06-04,2022,2,6,22,4,June,Saturday,1
20220605,2022-06-05,2022,2,6,22,5,June,Sunday,1
20220606,2022-06-06,2022,2,6,23,6,June,Monday,0
20220607,2022-06-07,2022,2,6,23,7,June,Tuesday,0
20220608,2022-06-08,2022,2,6,23,8,June,Wednesday,0
20220609,2022-06-09,2022,2,6,23,9,June,Thursday,0
20220610,2022-06-10,2022,2,6,23,10,June,Friday,0
20220611,2022-06-11,2022,2,6,23,11,June,Saturday,1
20220612,2022-06-12,2022,2,6,23,12,June,Sunday,1
20220613,2022-06-13,2022,2,6,24,13,June,Monday,0
20220614,2022-06-14,2022,2,6,24,14,June,Tuesday,0
20220615,2022-06-15,2022,2,6,24,15,June,Wednesday,0
20220616,2022-06-16,2022,2,6,24,16,June,Thursday,0
20220617,2022-06-17,2022,2,6,24,17,June,Friday,0
20220618,2022-06-18,2022,2,6,24,18,June,Saturday,1
20220619,2022-06-19,2022,2,6,24,19,June,Sunday,1
20220620,2022-06-20,2022,2,6,25,20,June,Monday,0
20220621,2022-06-21,2022,2,6,25,21,June,Tuesday,0
20220622,2022-06-22,2022,2,6,25,22,June,Wednesday,0
20220623,2022-06-23,2022,2,6,25,23,June,Thursday,0
20220624,2022-06-24,2022,2,6,25,24,June,Friday,0
20220625,2022-06-25,2022,2,6,25,25,June,Saturday,1
20220626,2022-06-26,2022,2,6,25,26,June,Sunday,1
20220627,2022-06-27,2022,2,6,26,27,June,Monday,0
20220628,2022-06-28,2022,2,6,26,28,June,Tuesday,0
20220629,2022-06-29,2022,2,6,26,29,June,Wednesday,0
20220630,2022-06-30,2022,2,6,26,30,June,Thursday,0
20220701,2022-07-01,2022,3,7,26,1,July,Friday,0
20220702,2022-07-02,2022,3,7,26,2,July,Saturday,1
20220703,2022-07-03,2022,3,7,26,3,July,Sunday,1
20220704,2022-07-04,2022,3,7,27,4,July,Monday,0
20220705,2022-07-05,2022,3,7,27,5,July,Tuesday,0
20220706,2022-07-06,2022,3,7,27,6,July,Wednesday,0
20220707,2022-07-07,2022,3,7,27,7,July,Thursday,0
20220708,2022-07-08,2022,3,7,27,8,July,Friday,0
20220709,2022-07-09,2022,3,7,27,9,July,Saturday,1
20220710,2022-07-10,2022,3,7,27,10,July,Sunday,1
20220711,2022-07-11,2022,3,7,28,11,July,Monday,0
20220712,2022-07-12,2022,3,7,28,12,July,Tuesday,0
20220713,2022-07-13,2022,3,7,28,13,July,Wednesday,0
20220714,2022-07-14,2022,3,7,28,14,July,Thursday,0
20220715,2022-07-15,2022,3,7,28,15,July,Friday,0
20220716,2022-07-16,2022,3,7,28,16,July,Saturday,1
20220717,2022-07-17,2022,3,7,28,17,July,Sunday,1
20220718,2022-07-18,2022,3,7,29,18,July,Monday,0
20220719,2022-07-19,2022,3,7,29,19,July,Tuesday,0
20220720,2022-07-20,2022,3,7,29,20,July,Wednesday,0
20220721,2022-07-21,2022,3,7,29,21,July,Thursday,0
20220722,2022-07-22,2022,3,7,29,22,July,Friday,0
20220723,2022-07-23,2022,3,7,29,23,July,Saturday,1
20220724,2022-07-24,2022,3,7,29,24,July,Sunday,1
20220725,2022-07-25,2022,3,7,30,25,July,Monday,0
20220726,2022-07-26,2022,3,7,30,26,July,Tuesday,0
20220727,2022-07-27,2022,3,7,30,27,July,Wednesday,0
20220728,2022-07-28,2022,3,7,30,28,July,Thursday,0
20220729,2022-07-29,2022,3,7,30,29,July,Friday,0
20220730,2022-07-30,2022,3,7,30,30,July,Saturday,1
20220731,2022-07-31,2022,3,7,30,31,July,Sunday,1
20220801,2022-08-01,2022,3,8,31,1,August,Monday,0
20220802,2022-08-02,2022,3,8,31,2,August,Tuesday,0
20220803,2022-08-03,2022,3,8,31,3,August,Wednesday,0
20220804,2022-08-04,2022,3,8,31,4,August,Thursday,0
20220805,2022-08-05,2022,3,8,31,5,August,Friday,0
20220806,2022-08-06,2022,3,8,31,6,August,Saturday,1
20220807,2022-08-07,2022,3,8,31,7,August,Sunday,1
20220808,2022-08-08,2022,3,8,32,8,August,Monday,0
20220809,2022-08-09,2022,3,8,32,9,August,Tuesday,0
20220810,2022-08-10,2022,3,8,32,10,August,Wednesday,0
20220811,2022-08-11,2022,3,8,32,11,August,Thursday,0
20220812,2022-08-12,2022,3,8,32,12,August,Friday,0
20220813,2022-08-13,2022,3,8,32,13,August,Saturday,1
20220814,2022-08-14,2022,3,8,32,14,August,Sunday,1
20220815,2022-08-15,2022,3,8,33,15,August,Monday,0
20220816,2022-08-16,2022,3,8,33,16,August,Tuesday,0
20220817,2022-08-17,2022,3,8,33,17,August,Wednesday,0
20220818,2022-08-18,2022,3,8,33,18,August,Thursday,0
20220819,2022-08-19,2022,3,8,33,19,August,Friday,0
20220820,2022-08-20,2022,3,8,33,20,August,Saturday,1
20220821,2022-08-21,2022,3,8,33,21,August,Sunday,1
20220822,2022-08-22,2022,3,8,34,22,August,Monday,0
20220823,2022-08-23,2022,3,8,34,23,August,Tuesday,0
20220824,2022-08-24,2022,3,8,34,24,August,Wednesday,0
20220825,2022-08-25,2022,3,8,34,25,August,Thursday,0
20220826,2022-08-26,2022,3,8,34,26,August,Friday,0
20220827,2022-08-27,2022,3,8,34,27,August,Saturday,1
20220828,2022-08-28,2022,3,8,34,28,August,Sunday,1
20220829,2022-08-29,2022,3,8,35,29,August,Monday,0
20220830,2022-08-30,2022,3,8,35,30,August,Tuesday,0
20220831,2022-08-31,2022,3,8,35,31,August,Wednesday,0
20220901,2022-09-01,2022,3,9,35,1,September,Thursday,0
20220902,2022-09-02,2022,3,9,35,2,September,Friday,0
20220903,2022-09-03,2022,3,9,35,3,September,Saturday,1
20220904,2022-09-04,2022,3,9,35,4,September,Sunday,1
20220905,2022-09-05,2022,3,9,36,5,September,Monday,0
20220906,2022-09-06,2022,3,9,36,6,September,Tuesday,0
20220907,2022-09-07,2022,3,9,36,7,September,Wednesday,0
20220908,2022-09-08,2022,3,9,36,8,September,Thursday,0
20220909,2022-09-09,2022,3,9,36,9,September,Friday,0
20220910,2022-09-10,2022,3,9,36,10,September,Saturday,1
20220911,2022-09-11,2022,3,9,36,11,September,Sunday,1
20220912,2022-09-12,2022,3,9,37,12,September,Monday,0
20220913,2022-09-13,2022,3,9,37,13,September,Tuesday,0
20220914,2022-09-14,2022,3,9,37,14,September,Wednesday,0
20220915,2022-09-15,2022,3,9,37,15,September,Thursday,0
20220916,2022-09-16,2022,3,9,37,16,September,Friday,0
20220917,2022-09-17,2022,3,9,37,17,September,Saturday,1
20220918,2022-09-18,2022,3,9,37,18,September,Sunday,1
20220919,2022-09-19,2022,3,9,38,19,September,Monday,0
20220920,2022-09-20,2022,3,9,38,20,September,Tuesday,0
20220921,2022-09-21,2022,3,9,38,21,September,Wednesday,0
20220922,2022-09-22,2022,3,9,38,22,September,Thursday,0
20220923,2022-09-23,2022,3,9,38,23,September,Friday,0
20220924,2022-09-24,2022,3,9,38,24,September,Saturday,1
20220925,2022-09-25,2022,3,9,38,25,September,Sunday,1
20220926,2022-09-26,2022,3,9,39,26,September,Monday,0
20220927,2022-09-27,2022,3,9,39,27,September,Tuesday,0
20220928,2022-09-28,2022,3,9,39,28,September,Wednesday,0
20220929,2022-09-29,2022,3,9,39,29,September,Thursday,0
20220930,2022-09-30,2022,3,9,39,30,September,Friday,0
20221001,2022-10-01,2022,4,10,39,1,October,Saturday,1
20221002,2022-10-02,2022,4,10,39,2,October,Sunday,1
20221003,2022-10-03,2022,4,10,40,3,October,Monday,0
20221004,2022-10-04,2022,4,10,40,4,October,Tuesday,0
20221005,2022-10-05,2022,4,10,40,5,October,Wednesday,0
20221006,2022-10-06,2022,4,10,40,6,October,Thursday,0
20221007,2022-10-07,2022,4,10,40,7,October,Friday,0
20221008,2022-10-08,2022,4,10,40,8,October,Saturday,1
20221009,2022-10-09,2022,4,10,40,9,October,Sunday,1
20221010,2022-10-10,2022,4,10,41,10,October,Monday,0
20221011,2022-10-11,2022,4,10,41,11,October,Tuesday,0
20221012,2022-10-12,2022,4,10,41,12,October,Wednesday,0
20221013,2022-10-13,2022,4,10,41,13,October,Thursday,0
20221014,2022-10-14,2022,4,10,41,14,October,Friday,0
20221015,2022-10-15,2022,4,10,41,15,October,Saturday,1
20221016,2022-10-16,2022,4,10,41,16,October,Sunday,1
20221017,2022-10-17,2022,4,10,42,17,October,Monday,0
20221018,2022-10-18,2022,4,10,42,18,October,Tuesday,0
20221019,2022-10-19,2022,4,10,42,19,October,Wednesday,0
20221020,2022-10-20,2022,4,10,42,20,October,Thursday,0
20221021,2022-10-21,2022,4,10,42,21,October,Friday,0
20221022,2022-10-22,2022,4,10,42,22,October,Saturday,1
20221023,2022-10-23,2022,4,10,42,23,October,Sunday,1
20221024,2022-10-24,2022,4,10,43,24,October,Monday,0
20221025,2022-10-25,2022,4,10,43,25,October,Tuesday,0
20221026,2022-10-26,2022,4,10,43,26,October,Wednesday,0
20221027,2022-10-27,2022,4,10,43,27,October,Thursday,0
20221028,2022-10-28,2022,4,10,43,28,October,Friday,0
20221029,2022-10-29,2022,4,10,43,29,October,Saturday,1
20221030,2022-10-30,2022,4,10,43,30,October,Sunday,1
20221031,2022-10-31,2022,4,10,44,31,October,Monday,0
20221101,2022-11-01,2022,4,11,44,1,November,Tuesday,0
20221102,2022-11-02,2022,4,11,44,2,November,Wednesday,0
20221103,2022-11-03,2022,4,11,44,3,November,Thursday,0
20221104,2022-11-04,2022,4,11,44,4,November,Friday,0
20221105,2022-11-05,2022,4,11,44,5,November,Saturday,1
20221106,2022-11-06,2022,4,11,44,6,November,Sunday,1
20221107,2022-11-07,2022,4,11,45,7,November,Monday,0
20221108,2022-11-08,2022,4,11,45,8,November,Tuesday,0
20221109,2022-11-09,2022,4,11,45,9,November,Wednesday,0
20221110,2022-11-10,2022,4,11,45,10,November,Thursday,0
20221111,2022-11-11,2022,4,11,45,11,November,Friday,0
20221112,2022-11-12,2022,4,11,45,12,November,Saturday,1
20221113,2022-11-13,2022,4,11,45,13,November,Sunday,1
20221114,2022-11-14,2022,4,11,46,14,November,Monday,0
20221115,2022-11-15,2022,4,11,46,15,November,Tuesday,0
20221116,2022-11-16,2022,4,11,46,16,November,Wednesday,0
20221117,2022-11-17,2022,4,11,46,17,November,Thursday,0
20221118,2022-11-18,2022,4,11,46,18,November,Friday,0
20221119,2022-11-19,2022,4,11,46,19,November,Saturday,1
20221120,2022-11-20,2022,4,11,46,20,November,Sunday,1
20221121,2022-11-21,2022,4,11,47,21,November,Monday,0
20221122,2022-11-22,2022,4,11,47,22,November,Tuesday,0
20221123,2022-11-23,2022,4,11,47,23,November,Wednesday,0
20221124,2022-11-24,2022,4,11,47,24,November,Thursday,0
20221125,2022-11-25,2022,4,11,47,25,November,Friday,0
20221126,2022-11-26,2022,4,11,47,26,November,Saturday,1
20221127,2022-11-27,2022,4,11,47,27,November,Sunday,1
20221128,2022-11-28,2022,4,11,48,28,November,Monday,0
20221129,2022-11-29,2022,4,11,48,29,November,Tuesday,0
20221130,2022-11-30,2022,4,11,48,30,November,Wednesday,0
20221201,2022-12-01,2022,4,12,48,1,December,Thursday,0
20221202,2022-12-02,2022,4,12,48,2,December,Friday,0
20221203,2022-12-03,2022,4,12,48,3,December,Saturday,1
20221204,2022-12-04,2022,4,12,48,4,December,Sunday,1
20221205,2022-12-05,2022,4,12,49,5,December,Monday,0
20221206,2022-12-06,2022,4,12,49,6,December,Tuesday,0
20221207,2022-12-07,2022,4,12,49,7,December,Wednesday,0
20221208,2022-12-08,2022,4,12,49,8,December,Thursday,0
20221209,2022-12-09,2022,4,12,49,9,December,Friday,0
20221210,2022-12-10,2022,4,12,49,10,December,Saturday,1
20221211,2022-12-11,2022,4,12,49,11,December,Sunday,1
20221212,2022-12-12,2022,4,12,50,12,December,Monday,0
20221213,2022-12-13,2022,4,12,50,13,December,Tuesday,0
20221214,2022-12-14,2022,4,12,50,14,December,Wednesday,0
20221215,2022-12-15,2022,4,12,50,15,December,Thursday,0
20221216,2022-12-16,2022,4,12,50,16,December,Friday,0
20221217,2022-12-17,2022,4,12,50,17,December,Saturday,1
20221218,2022-12-18,2022,4,12,50,18,December,Sunday,1
20221219,2022-12-19,2022,4,12,51,19,December,Monday,0
20221220,2022-12-20,2022,4,12,51,20,December,Tuesday,0
20221221,2022-12-21,2022,4,12,51,21,December,Wednesday,0
20221222,2022-12-22,2022,4,12,51,22,December,Thursday,0
20221223,2022-12-23,2022,4,12,51,23,December,Friday,0
20221224,2022-12-24,2022,4,12,51,24,December,Saturday,1
20221225,2022-12-25,2022,4,12,51,25,December,Sunday,1
20221226,2022-12-26,2022,4,12,52,26,December,Monday,0
20221227,2022-12-27,2022,4,12,52,27,December,Tuesday,0
20221228,2022-12-28,2022,4,12,52,28,December,Wednesday,0
20221229,2022-12-29,2022,4,12,52,29,December,Thursday,0
20221230,2022-12-30,2022,4,12,52,30,December,Friday,0
20221231,2022-12-31,2022,4,12,52,31,December,Saturday,1
20230101,2023-01-01,2023,1,1,52,1,January,Sunday,1
20230102,2023-01-02,2023,1,1,1,2,January,Monday,0
20230103,2023-01-03,2023,1,1,1,3,January,Tuesday,0
20230104,2023-01-04,2023,1,1,1,4,January,Wednesday,0
20230105,2023-01-05,2023,1,1,1,5,January,Thursday,0
20230106,2023-01-06,2023,1,1,1,6,January,Friday,0
20230107,2023-01-07,2023,1,1,1,7,January,Saturday,1
20230108,2023-01-08,2023,1,1,1,8,January,Sunday,1
20230109,2023-01-09,2023,1,1,2,9,January,Monday,0
20230110,2023-01-10,2023,1,1,2,10,January,Tuesday,0
20230111,2023-01-11,2023,1,1,2,11,January,Wednesday,0
20230112,2023-01-12,2023,1,1,2,12,January,Thursday,0
20230113,2023-01-13,2023,1,1,2,13,January,Friday,0
20230114,2023-01-14,2023,1,1,2,14,January,Saturday,1
20230115,2023-01-15,2023,1,1,2,15,January,Sunday,1
20230116,2023-01-16,2023,1,1,3,16,January,Monday,0
20230117,2023-01-17,2023,1,1,3,17,January,Tuesday,0
20230118,2023-01-18,2023,1,1,3,18,January,Wednesday,0
20230119,2023-01-19,2023,1,1,3,19,January,Thursday,0
20230120,2023-01-20,2023,1,1,3,20,January,Friday,0
20230121,2023-01-21,2023,1,1,3,21,January,Saturday,1
20230122,2023-01-22,2023,1,1,3,22,January,Sunday,1
20230123,2023-01-23,2023,1,1,4,23,January,Monday,0
20230124,2023-01-24,2023,1,1,4,24,January,Tuesday,0
20230125,2023-01-25,2023,1,1,4,25,January,Wednesday,0
20230126,2023-01-26,2023,1,1,4,26,January,Thursday,0
20230127,2023-01-27,2023,1,1,4,27,January,Friday,0
20230128,2023-01-28,2023,1,1,4,28,January,Saturday,1
20230129,2023-01-29,2023,1,1,4,29,January,Sunday,1
20230130,2023-01-30,2023,1,1,5,30,January,Monday,0
20230131,2023-01-31,2023,1,1,5,31,January,Tuesday,0
20230201,2023-02-01,2023,1,2,5,1,February,Wednesday,0
20230202,2023-02-02,2023,1,2,5,2,February,Thursday,0
20230203,2023-02-03,2023,1,2,5,3,February,Friday,0
20230204,2023-02-04,2023,1,2,5,4,February,Saturday,1
20230205,2023-02-05,2023,1,2,5,5,February,Sunday,1
20230206,2023-02-06,2023,1,2,6,6,February,Monday,0
20230207,2023-02-07,2023,1,2,6,7,February,Tuesday,0
20230208,2023-02-08,2023,1,2,6,8,February,Wednesday,0
20230209,2023-02-09,2023,1,2,6,9,February,Thursday,0
20230210,2023-02-10,2023,1,2,6,10,February,Friday,0
20230211,2023-02-11,2023,1,2,6,11,February,Saturday,1
20230212,2023-02-12,2023,1,2,6,12,February,Sunday,1
20230213,2023-02-13,2023,1,2,7,13,February,Monday,0
20230214,2023-02-14,2023,1,2,7,14,February,Tuesday,0
20230215,2023-02-15,2023,1,2,7,15,February,Wednesday,0
20230216,2023-02-16,2023,1,2,7,16,February,Thursday,0
20230217,2023-02-17,2023,1,2,7,17,February,Friday,0
20230218,2023-02-18,2023,1,2,7,18,February,Saturday,1
20230219,2023-02-19,2023,1,2,7,19,February,Sunday,1
20230220,2023-02-20,2023,1,2,8,20,February,Monday,0
20230221,2023-02-21,2023,1,2,8,21,February,Tuesday,0
20230222,2023-02-22,2023,1,2,8,22,February,Wednesday,0
20230223,2023-02-23,2023,1,2,8,23,February,Thursday,0
20230224,2023-02-24,2023,1,2,8,24,February,Friday,0
20230225,2023-02-25,2023,1,2,8,25,February,Saturday,1
20230226,2023-02-26,2023,1,2,8,26,February,Sunday,1
20230227,2023-02-27,2023,1,2,9,27,February,Monday,0
20230228,2023-02-28,2023,1,2,9,28,February,Tuesday,0
20230301,2023-03-01,2023,1,3,9,1,March,Wednesday,0
20230302,2023-03-02,2023,1,3,9,2,March,Thursday,0
20230303,2023-03-03,2023,1,3,9,3,March,Friday,0
20230304,2023-03-04,2023,1,3,9,4,March,Saturday,1
20230305,2023-03-05,2023,1,3,9,5,March,Sunday,1
20230306,2023-03-06,2023,1,3,10,6,March,Monday,0
20230307,2023-03-07,2023,1,3,10,7,March,Tuesday,0
20230308,2023-03-08,2023,1,3,10,8,March,Wednesday,0
20230309,2023-03-09,2023,1,3,10,9,March,Thursday,0
20230310,2023-03-10,2023,1,3,10,10,March,Friday,0
20230311,2023-03-11,2023,1,3,10,11,March,Saturday,1
20230312,2023-03-12,2023,1,3,10,12,March,Sunday,1
20230313,2023-03-13,2023,1,3,11,13,March,Monday,0
20230314,2023-03-14,2023,1,3,11,14,March,Tuesday,0
20230315,2023-03-15,2023,1,3,11,15,March,Wednesday,0
20230316,2023-03-16,2023,1,3,11,16,March,Thursday,0
20230317,2023-03-17,2023,1,3,11,17,March,Friday,0
20230318,2023-03-18,2023,1,3,11,18,March,Saturday,1
20230319,2023-03-19,2023,1,3,11,19,March,Sunday,1
20230320,2023-03-20,2023,1,3,12,20,March,Monday,0
20230321,2023-03-21,2023,1,3,12,21,March,Tuesday,0
20230322,2023-03-22,2023,1,3,12,22,March,Wednesday,0
20230323,2023-03-23,2023,1,3,12,23,March,Thursday,0
20230324,2023-03-24,2023,1,3,12,24,March,Friday,0
20230325,2023-03-25,2023,1,3,12,25,March,Saturday,1
20230326,2023-03-26,2023,1,3,12,26,March,Sunday,1
20230327,2023-03-27,2023,1,3,13,27,March,Monday,0
20230328,2023-03-28,2023,1,3,13,28,March,Tuesday,0
20230329,2023-03-29,2023,1,3,13,29,March,Wednesday,0
20230330,2023-03-30,2023,1,3,13,30,March,Thursday,0
20230331,2023-03-31,2023,1,3,13,31,March,Friday,0
20230401,2023-04-01,2023,2,4,13,1,April,Saturday,1
20230402,2023-04-02,2023,2,4,13,2,April,Sunday,1
20230403,2023-04-03,2023,2,4,14,3,April,Monday,0
20230404,2023-04-04,2023,2,4,14,4,April,Tuesday,0
20230405,2023-04-05,2023,2,4,14,5,April,Wednesday,0
20230406,2023-04-06,2023,2,4,14,6,April,Thursday,0
20230407,2023-04-07,2023,2,4,14,7,April,Friday,0
20230408,2023-04-08,2023,2,4,14,8,April,Saturday,1
20230409,2023-04-09,2023,2,4,14,9,April,Sunday,1
20230410,2023-04-10,2023,2,4,15,10,April,Monday,0
20230411,2023-04-11,2023,2,4,15,11,April,Tuesday,0
20230412,2023-04-12,2023,2,4,15,12,April,Wednesday,0
20230413,2023-04-13,2023,2,4,15,13,April,Thursday,0
20230414,2023-04-14,2023,2,4,15,14,April,Friday,0
20230415,2023-04-15,2023,2,4,15,15,April,Saturday,1
20230416,2023-04-16,2023,2,4,15,16,April,Sunday,1
20230417,2023-04-17,2023,2,4,16,17,April,Monday,0
20230418,2023-04-18,2023,2,4,16,18,April,Tuesday,0
20230419,2023-04-19,2023,2,4,16,19,April,Wednesday,0
20230420,2023-04-20,2023,2,4,16,20,April,Thursday,0
20230421,2023-04-21,2023,2,4,16,21,April,Friday,0
20230422,2023-04-22,2023,2,4,16,22,April,Saturday,1
20230423,2023-04-23,2023,2,4,16,23,April,Sunday,1
20230424,2023-04-24,2023,2,4,17,24,April,Monday,0
20230425,2023-04-25,2023,2,4,17,25,April,Tuesday,0
20230426,2023-04-26,2023,2,4,17,26,April,Wednesday,0
20230427,2023-04-27,2023,2,4,17,27,April,Thursday,0
20230428,2023-04-28,2023,2,4,17,28,April,Friday,0
20230429,2023-04-29,2023,2,4,17,29,April,Saturday,1
20230430,2023-04-30,2023,2,4,17,30,April,Sunday,1
20230501,2023-05-01,2023,2,5,18,1,May,Monday,0
20230502,2023-05-02,2023,2,5,18,2,May,Tuesday,0
20230503,2023-05-03,2023,2,5,18,3,May,Wednesday,0
20230504,2023-05-04,2023,2,5,18,4,May,Thursday,0
20230505,2023-05-05,2023,2,5,18,5,May,Friday,0
20230506,2023-05-06,2023,2,5,18,6,May,Saturday,1
20230507,2023-05-07,2023,2,5,18,7,May,Sunday,1
20230508,2023-05-08,2023,2,5,19,8,May,Monday,0
20230509,2023-05-09,2023,2,5,19,9,May,Tuesday,0
20230510,2023-05-10,2023,2,5,19,10,May,Wednesday,0
20230511,2023-05-11,2023,2,5,19,11,May,Thursday,0
20230512,2023-05-12,2023,2,5,19,12,May,Friday,0
20230513,2023-05-13,2023,2,5,19,13,May,Saturday,1
20230514,2023-05-14,2023,2,5,19,14,May,Sunday,1
20230515,2023-05-15,2023,2,5,20,15,May,Monday,0
20230516,2023-05-16,2023,2,5,20,16,May,Tuesday,0
20230517,2023-05-17,2023,2,5,20,17,May,Wednesday,0
20230518,2023-05-18,2023,2,5,20,18,May,Thursday,0
20230519,2023-05-19,2023,2,5,20,19,May,Friday,0
20230520,2023-05-20,2023,2,5,20,20,May,Saturday,1
20230521,2023-05-21,2023,2,5,20,21,May,Sunday,1
20230522,2023-05-22,2023,2,5,21,22,May,Monday,0
20230523,2023-05-23,2023,2,5,21,23,May,Tuesday,0
20230524,2023-05-24,2023,2,5,21,24,May,Wednesday,0
20230525,2023-05-25,2023,2,5,21,25,May,Thursday,0
20230526,2023-05-26,2023,2,5,21,26,May,Friday,0
20230527,2023-05-27,2023,2,5,21,27,May,Saturday,1
20230528,2023-05-28,2023,2,5,21,28,May,Sunday,1
20230529,2023-05-29,2023,2,5,22,29,May,Monday,0
20230530,2023-05-30,2023,2,5,22,30,May,Tuesday,0
20230531,2023-05-31,2023,2,5,22,31,May,Wednesday,0
20230601,2023-06-01,2023,2,6,22,1,June,Thursday,0
20230602,2023-06-02,2023,2,6,22,2,June,Friday,0
20230603,2023-06-03,2023,2,6,22,3,June,Saturday,1
20230604,2023-06-04,2023,2,6,22,4,June,Sunday,1
20230605,2023-06-05,2023,2,6,23,5,June,Monday,0
20230606,2023-06-06,2023,2,6,23,6,June,Tuesday,0
20230607,2023-06-07,2023,2,6,23,7,June,Wednesday,0
20230608,2023-06-08,2023,2,6,23,8,June,Thursday,0
20230609,2023-06-09,2023,2,6,23,9,June,Friday,0
20230610,2023-06-10,2023,2,6,23,10,June,Saturday,1
20230611,2023-06-11,2023,2,6,23,11,June,Sunday,1
20230612,2023-06-12,2023,2,6,24,12,June,Monday,0
20230613,2023-06-13,2023,2,6,24,13,June,Tuesday,0
20230614,2023-06-14,2023,2,6,24,14,June,Wednesday,0
20230615,2023-06-15,2023,2,6,24,15,June,Thursday,0
20230616,2023-06-16,2023,2,6,24,16,June,Friday,0
20230617,2023-06-17,2023,2,6,24,17,June,Saturday,1
20230618,2023-06-18,2023,2,6,24,18,June,Sunday,1
20230619,2023-06-19,2023,2,6,25,19,June,Monday,0
20230620,2023-06-20,2023,2,6,25,20,June,Tuesday,0
20230621,2023-06-21,2023,2,6,25,21,June,Wednesday,0
20230622,2023-06-22,2023,2,6,25,22,June,Thursday,0
20230623,2023-06-23,2023,2,6,25,23,June,Friday,0
20230624,2023-06-24,2023,2,6,25,24,June,Saturday,1
20230625,2023-06-25,2023,2,6,25,25,June,Sunday,1
20230626,2023-06-26,2023,2,6,26,26,June,Monday,0
20230627,2023-06-27,2023,2,6,26,27,June,Tuesday,0
20230628,2023-06-28,2023,2,6,26,28,June,Wednesday,0
20230629,2023-06-29,2023,2,6,26,29,June,Thursday,0
20230630,2023-06-30,2023,2,6,26,30,June,Friday,0
20230701,2023-07-01,2023,3,7,26,1,July,Saturday,1
20230702,2023-07-02,2023,3,7,26,2,July,Sunday,1
20230703,2023-07-03,2023,3,7,27,3,July,Monday,0
20230704,2023-07-04,2023,3,7,27,4,July,Tuesday,0
20230705,2023-07-05,2023,3,7,27,5,July,Wednesday,0
20230706,2023-07-06,2023,3,7,27,6,July,Thursday,0
20230707,2023-07-07,2023,3,7,27,7,July,Friday,0
20230708,2023-07-08,2023,3,7,27,8,July,Saturday,1
20230709,2023-07-09,2023,3,7,27,9,July,Sunday,1
20230710,2023-07-10,2023,3,7,28,10,July,Monday,0
20230711,2023-07-11,2023,3,7,28,11,July,Tuesday,0
20230712,2023-07-12,2023,3,7,28,12,July,Wednesday,0
20230713,2023-07-13,2023,3,7,28,13,July,Thursday,0
20230714,2023-07-14,2023,3,7,28,14,July,Friday,0
20230715,2023-07-15,2023,3,7,28,15,July,Saturday,1
20230716,2023-07-16,2023,3,7,28,16,July,Sunday,1
20230717,2023-07-17,2023,3,7,29,17,July,Monday,0
20230718,2023-07-18,2023,3,7,29,18,July,Tuesday,0
20230719,2023-07-19,2023,3,7,29,19,July,Wednesday,0
20230720,2023-07-20,2023,3,7,29,20,July,Thursday,0
20230721,2023-07-21,2023,3,7,29,21,July,Friday,0
20230722,2023-07-22,2023,3,7,29,22,July,Saturday,1
20230723,2023-07-23,2023,3,7,29,23,July,Sunday,1
20230724,2023-07-24,2023,3,7,30,24,July,Monday,0
20230725,2023-07-25,2023,3,7,30,25,July,Tuesday,0
20230726,2023-07-26,2023,3,7,30,26,July,Wednesday,0
20230727,2023-07-27,2023,3,7,30,27,July,Thursday,0
20230728,2023-07-28,2023,3,7,30,28,July,Friday,0
20230729,2023-07-29,2023,3,7,30,29,July,Saturday,1
20230730,2023-07-30,2023,3,7,30,30,July,Sunday,1
20230731,2023-07-31,2023,3,7,31,31,July,Monday,0
20230801,2023-08-01,2023,3,8,31,1,August,Tuesday,0
20230802,2023-08-02,2023,3,8,31,2,August,Wednesday,0
20230803,2023-08-03,2023,3,8,31,3,August,Thursday,0
20230804,2023-08-04,2023,3,8,31,4,August,Friday,0
20230805,2023-08-05,2023,3,8,31,5,August,Saturday,1
20230806,2023-08-06,2023,3,8,31,6,August,Sunday,1
20230807,2023-08-07,2023,3,8,32,7,August,Monday,0
20230808,2023-08-08,2023,3,8,32,8,August,Tuesday,0
20230809,2023-08-09,2023,3,8,32,9,August,Wednesday,0
20230810,2023-08-10,2023,3,8,32,10,August,Thursday,0
20230811,2023-08-11,2023,3,8,32,11,August,Friday,0
20230812,2023-08-12,2023,3,8,32,12,August,Saturday,1
20230813,2023-08-13,2023,3,8,32,13,August,Sunday,1
20230814,2023-08-14,2023,3,8,33,14,August,Monday,0
20230815,2023-08-15,2023,3,8,33,15,August,Tuesday,0
20230816,2023-08-16,2023,3,8,33,16,August,Wednesday,0
20230817,2023-08-17,2023,3,8,33,17,August,Thursday,0
20230818,2023-08-18,2023,3,8,33,18,August,Friday,0
20230819,2023-08-19,2023,3,8,33,19,August,Saturday,1
20230820,2023-08-20,2023,3,8,33,20,August,Sunday,1
20230821,2023-08-21,2023,3,8,34,21,August,Monday,0
20230822,2023-08-22,2023,3,8,34,22,August,Tuesday,0
20230823,2023-08-23,2023,3,8,34,23,August,Wednesday,0
20230824,2023-08-24,2023,3,8,34,24,August,Thursday,0
20230825,2023-08-25,2023,3,8,34,25,August,Friday,0
20230826,2023-08-26,2023,3,8,34,26,August,Saturday,1
20230827,2023-08-27,2023,3,8,34,27,August,Sunday,1
20230828,2023-08-28,2023,3,8,35,28,August,Monday,0
20230829,2023-08-29,2023,3,8,35,29,August,Tuesday,0
20230830,2023-08-30,2023,3,8,35,30,August,Wednesday,0
20230831,2023-08-31,2023,3,8,35,31,August,Thursday,0
20230901,2023-09-01,2023,3,9,35,1,September,Friday,0
20230902,2023-09-02,2023,3,9,35,2,September,Saturday,1
20230903,2023-09-03,2023,3,9,35,3,September,Sunday,1
20230904,2023-09-04,2023,3,9,36,4,September,Monday,0
20230905,2023-09-05,2023,3,9,36,5,September,Tuesday,0
20230906,2023-09-06,2023,3,9,36,6,September,Wednesday,0
20230907,2023-09-07,2023,3,9,36,7,September,Thursday,0
20230908,2023-09-08,2023,3,9,36,8,September,Friday,0
20230909,2023-09-09,2023,3,9,36,9,September,Saturday,1
20230910,2023-09-10,2023,3,9,36,10,September,Sunday,1
20230911,2023-09-11,2023,3,9,37,11,September,Monday,0
20230912,2023-09-12,2023,3,9,37,12,September,Tuesday,0
20230913,2023-09-13,2023,3,9,37,13,September,Wednesday,0
20230914,2023-09-14,2023,3,9,37,14,September,Thursday,0
20230915,2023-09-15,2023,3,9,37,15,September,Friday,0
20230916,2023-09-16,2023,3,9,37,16,September,Saturday,1
20230917,2023-09-17,2023,3,9,37,17,September,Sunday,1
20230918,2023-09-18,2023,3,9,38,18,September,Monday,0
20230919,2023-09-19,2023,3,9,38,19,September,Tuesday,0
20230920,2023-09-20,2023,3,9,38,20,September,Wednesday,0
20230921,2023-09-21,2023,3,9,38,21,September,Thursday,0
20230922,2023-09-22,2023,3,9,38,22,September,Friday,0
20230923,2023-09-23,2023,3,9,38,23,September,Saturday,1
20230924,2023-09-24,2023,3,9,38,24,September,Sunday,1
20230925,2023-09-25,2023,3,9,39,25,September,Monday,0
20230926,2023-09-26,2023,3,9,39,26,September,Tuesday,0
20230927,2023-09-27,2023,3,9,39,27,September,Wednesday,0
20230928,2023-09-28,2023,3,9,39,28,September,Thursday,0
20230929,2023-09-29,2023,3,9,39,29,September,Friday,0
20230930,2023-09-30,2023,3,9,39,30,September,Saturday,1
20231001,2023-10-01,2023,4,10,39,1,October,Sunday,1
20231002,2023-10-02,2023,4,10,40,2,October,Monday,0
20231003,2023-10-03,2023,4,10,40,3,October,Tuesday,0
20231004,2023-10-04,2023,4,10,40,4,October,Wednesday,0
20231005,2023-10-05,2023,4,10,40,5,October,Thursday,0
20231006,2023-10-06,2023,4,10,40,6,October,Friday,0
20231007,2023-10-07,2023,4,10,40,7,October,Saturday,1
20231008,2023-10-08,2023,4,10,40,8,October,Sunday,1
20231009,2023-10-09,2023,4,10,41,9,October,Monday,0
20231010,2023-10-10,2023,4,10,41,10,October,Tuesday,0
20231011,2023-10-11,2023,4,10,41,11,October,Wednesday,0
20231012,2023-10-12,2023,4,10,41,12,October,Thursday,0
20231013,2023-10-13,2023,4,10,41,13,October,Friday,0
20231014,2023-10-14,2023,4,10,41,14,October,Saturday,1
20231015,2023-10-15,2023,4,10,41,15,October,Sunday,1
20231016,2023-10-16,2023,4,10,42,16,October,Monday,0
20231017,2023-10-17,2023,4,10,42,17,October,Tuesday,0
20231018,2023-10-18,2023,4,10,42,18,October,Wednesday,0
20231019,2023-10-19,2023,4,10,42,19,October,Thursday,0
20231020,2023-10-20,2023,4,10,42,20,October,Friday,0
20231021,2023-10-21,2023,4,10,42,21,October,Saturday,1
20231022,2023-10-22,2023,4,10,42,22,October,Sunday,1
20231023,2023-10-23,2023,4,10,43,23,October,Monday,0
20231024,2023-10-24,2023,4,10,43,24,October,Tuesday,0
20231025,2023-10-25,2023,4,10,43,25,October,Wednesday,0
20231026,2023-10-26,2023,4,10,43,26,October,Thursday,0
20231027,2023-10-27,2023,4,10,43,27,October,Friday,0
20231028,2023-10-28,2023,4,10,43,28,October,Saturday,1
20231029,2023-10-29,2023,4,10,43,29,October,Sunday,1
20231030,2023-10-30,2023,4,10,44,30,October,Monday,0
20231031,2023-10-31,2023,4,10,44,31,October,Tuesday,0
20231101,2023-11-01,2023,4,11,44,1,November,Wednesday,0
20231102,2023-11-02,2023,4,11,44,2,November,Thursday,0
20231103,2023-11-03,2023,4,11,44,3,November,Friday,0
20231104,2023-11-04,2023,4,11,44,4,November,Saturday,1
20231105,2023-11-05,2023,4,11,44,5,November,Sunday,1
20231106,2023-11-06,2023,4,11,45,6,November,Monday,0
20231107,2023-11-07,2023,4,11,45,7,November,Tuesday,0
20231108,2023-11-08,2023,4,11,45,8,November,Wednesday,0
20231109,2023-11-09,2023,4,11,45,9,November,Thursday,0
20231110,2023-11-10,2023,4,11,45,10,November,Friday,0
20231111,2023-11-11,2023,4,11,45,11,November,Saturday,1
20231112,2023-11-12,2023,4,11,45,12,November,Sunday,1
20231113,2023-11-13,2023,4,11,46,13,November,Monday,0
20231114,2023-11-14,2023,4,11,46,14,November,Tuesday,0
20231115,2023-11-15,2023,4,11,46,15,November,Wednesday,0
20231116,2023-11-16,2023,4,11,46,16,November,Thursday,0
20231117,2023-11-17,2023,4,11,46,17,November,Friday,0
20231118,2023-11-18,2023,4,11,46,18,November,Saturday,1
20231119,2023-11-19,2023,4,11,46,19,November,Sunday,1
20231120,2023-11-20,2023,4,11,47,20,November,Monday,0
20231121,2023-11-21,2023,4,11,47,21,November,Tuesday,0
20231122,2023-11-22,2023,4,11,47,22,November,Wednesday,0
20231123,2023-11-23,2023,4,11,47,23,November,Thursday,0
20231124,2023-11-24,2023,4,11,47,24,November,Friday,0
20231125,2023-11-25,2023,4,11,47,25,November,Saturday,1
20231126,2023-11-26,2023,4,11,47,26,November,Sunday,1
20231127,2023-11-27,2023,4,11,48,27,November,Monday,0
20231128,2023-11-28,2023,4,11,48,28,November,Tuesday,0
20231129,2023-11-29,2023,4,11,48,29,November,Wednesday,0
20231130,2023-11-30,2023,4,11,48,30,November,Thursday,0
20231201,2023-12-01,2023,4,12,48,1,December,Friday,0
20231202,2023-12-02,2023,4,12,48,2,December,Saturday,1
20231203,2023-12-03,2023,4,12,48,3,December,Sunday,1
20231204,2023-12-04,2023,4,12,49,4,December,Monday,0
20231205,2023-12-05,2023,4,12,49,5,December,Tuesday,0
20231206,2023-12-06,2023,4,12,49,6,December,Wednesday,0
20231207,2023-12-07,2023,4,12,49,7,December,Thursday,0
20231208,2023-12-08,2023,4,12,49,8,December,Friday,0
20231209,2023-12-09,2023,4,12,49,9,December,Saturday,1
20231210,2023-12-10,2023,4,12,49,10,December,Sunday,1
20231211,2023-12-11,2023,4,12,50,11,December,Monday,0
20231212,2023-12-12,2023,4,12,50,12,December,Tuesday,0
20231213,2023-12-13,2023,4,12,50,13,December,Wednesday,0
20231214,2023-12-14,2023,4,12,50,14,December,Thursday,0
20231215,2023-12-15,2023,4,12,50,15,December,Friday,0
20231216,2023-12-16,2023,4,12,50,16,December,Saturday,1
20231217,2023-12-17,2023,4,12,50,17,December,Sunday,1
20231218,2023-12-18,2023,4,12,51,18,December,Monday,0
20231219,2023-12-19,2023,4,12,51,19,December,Tuesday,0
20231220,2023-12-20,2023,4,12,51,20,December,Wednesday,0
20231221,2023-12-21,2023,4,12,51,21,December,Thursday,0
20231222,2023-12-22,2023,4,12,51,22,December,Friday,0
20231223,2023-12-23,2023,4,12,51,23,December,Saturday,1
20231224,2023-12-24,2023,4,12,51,24,December,Sunday,1
20231225,2023-12-25,2023,4,12,52,25,December,Monday,0
20231226,2023-12-26,2023,4,12,52,26,December,Tuesday,0
20231227,2023-12-27,2023,4,12,52,27,December,Wednesday,0
20231228,2023-12-28,2023,4,12,52,28,December,Thursday,0
20231229,2023-12-29,2023,4,12,52,29,December,Friday,0
20231230,2023-12-30,2023,4,12,52,30,December,Saturday,1
20231231,2023-12-31,2023,4,12,52,31,December,Sunday,1
20240101,2024-01-01,2024,1,1,1,1,January,Monday,0
20240102,2024-01-02,2024,1,1,1,2,January,Tuesday,0
20240103,2024-01-03,2024,1,1,1,3,January,Wednesday,0
20240104,2024-01-04,2024,1,1,1,4,January,Thursday,0
20240105,2024-01-05,2024,1,1,1,5,January,Friday,0
20240106,2024-01-06,2024,1,1,1,6,January,Saturday,1
20240107,2024-01-07,2024,1,1,1,7,January,Sunday,1
20240108,2024-01-08,2024,1,1,2,8,January,Monday,0
20240109,2024-01-09,2024,1,1,2,9,January,Tuesday,0
20240110,2024-01-10,2024,1,1,2,10,January,Wednesday,0
20240111,2024-01-11,2024,1,1,2,11,January,Thursday,0
20240112,2024-01-12,2024,1,1,2,12,January,Friday,0
20240113,2024-01-13,2024,1,1,2,13,January,Saturday,1
20240114,2024-01-14,2024,1,1,2,14,January,Sunday,1
20240115,2024-01-15,2024,1,1,3,15,January,Monday,0
20240116,2024-01-16,2024,1,1,3,16,January,Tuesday,0
20240117,2024-01-17,2024,1,1,3,17,January,Wednesday,0
20240118,2024-01-18,2024,1,1,3,18,January,Thursday,0
20240119,2024-01-19,2024,1,1,3,19,January,Friday,0
20240120,2024-01-20,2024,1,1,3,20,January,Saturday,1
20240121,2024-01-21,2024,1,1,3,21,January,Sunday,1
20240122,2024-01-22,2024,1,1,4,22,January,Monday,0
20240123,2024-01-23,2024,1,1,4,23,January,Tuesday,0
20240124,2024-01-24,2024,1,1,4,24,January,Wednesday,0
20240125,2024-01-25,2024,1,1,4,25,January,Thursday,0
20240126,2024-01-26,2024,1,1,4,26,January,Friday,0
20240127,2024-01-27,2024,1,1,4,27,January,Saturday,1
20240128,2024-01-28,2024,1,1,4,28,January,Sunday,1
20240129,2024-01-29,2024,1,1,5,29,January,Monday,0
20240130,2024-01-30,2024,1,1,5,30,January,Tuesday,0
20240131,2024-01-31,2024,1,1,5,31,January,Wednesday,0
20240201,2024-02-01,2024,1,2,5,1,February,Thursday,0
20240202,2024-02-02,2024,1,2,5,2,February,Friday,0
20240203,2024-02-03,2024,1,2,5,3,February,Saturday,1
20240204,2024-02-04,2024,1,2,5,4,February,Sunday,1
20240205,2024-02-05,2024,1,2,6,5,February,Monday,0
20240206,2024-02-06,2024,1,2,6,6,February,Tuesday,0
20240207,2024-02-07,2024,1,2,6,7,February,Wednesday,0
20240208,2024-02-08,2024,1,2,6,8,February,Thursday,0
20240209,2024-02-09,2024,1,2,6,9,February,Friday,0
20240210,2024-02-10,2024,1,2,6,10,February,Saturday,1
20240211,2024-02-11,2024,1,2,6,11,February,Sunday,1
20240212,2024-02-12,2024,1,2,7,12,February,Monday,0
20240213,2024-02-13,2024,1,2,7,13,February,Tuesday,0
20240214,2024-02-14,2024,1,2,7,14,February,Wednesday,0
20240215,2024-02-15,2024,1,2,7,15,February,Thursday,0
20240216,2024-02-16,2024,1,2,7,16,February,Friday,0
20240217,2024-02-17,2024,1,2,7,17,February,Saturday,1
20240218,2024-02-18,2024,1,2,7,18,February,Sunday,1
20240219,2024-02-19,2024,1,2,8,19,February,Monday,0
20240220,2024-02-20,2024,1,2,8,20,February,Tuesday,0
20240221,2024-02-21,2024,1,2,8,21,February,Wednesday,0
20240222,2024-02-22,2024,1,2,8,22,February,Thursday,0
20240223,2024-02-23,2024,1,2,8,23,February,Friday,0
20240224,2024-02-24,2024,1,2,8,24,February,Saturday,1
20240225,2024-02-25,2024,1,2,8,25,February,Sunday,1
20240226,2024-02-26,2024,1,2,9,26,February,Monday,0
20240227,2024-02-27,2024,1,2,9,27,February,Tuesday,0
20240228,2024-02-28,2024,1,2,9,28,February,Wednesday,0
20240229,2024-02-29,2024,1,2,9,29,February,Thursday,0
20240301,2024-03-01,2024,1,3,9,1,March,Friday,0
20240302,2024-03-02,2024,1,3,9,2,March,Saturday,1
20240303,2024-03-03,2024,1,3,9,3,March,Sunday,1
20240304,2024-03-04,2024,1,3,10,4,March,Monday,0
20240305,2024-03-05,2024,1,3,10,5,March,Tuesday,0
20240306,2024-03-06,2024,1,3,10,6,March,Wednesday,0
20240307,2024-03-07,2024,1,3,10,7,March,Thursday,0
20240308,2024-03-08,2024,1,3,10,8,March,Friday,0
20240309,2024-03-09,2024,1,3,10,9,March,Saturday,1
20240310,2024-03-10,2024,1,3,10,10,March,Sunday,1
20240311,2024-03-11,2024,1,3,11,11,March,Monday,0
20240312,2024-03-12,2024,1,3,11,12,March,Tuesday,0
20240313,2024-03-13,2024,1,3,11,13,March,Wednesday,0
20240314,2024-03-14,2024,1,3,11,14,March,Thursday,0
20240315,2024-03-15,2024,1,3,11,15,March,Friday,0
20240316,2024-03-16,2024,1,3,11,16,March,Saturday,1
20240317,2024-03-17,2024,1,3,11,17,March,Sunday,1
20240318,2024-03-18,2024,1,3,12,18,March,Monday,0
20240319,2024-03-19,2024,1,3,12,19,March,Tuesday,0
20240320,2024-03-20,2024,1,3,12,20,March,Wednesday,0
20240321,2024-03-21,2024,1,3,12,21,March,Thursday,0
20240322,2024-03-22,2024,1,3,12,22,March,Friday,0
20240323,2024-03-23,2024,1,3,12,23,March,Saturday,1
20240324,2024-03-24,2024,1,3,12,24,March,Sunday,1
20240325,2024-03-25,2024,1,3,13,25,March,Monday,0
20240326,2024-03-26,2024,1,3,13,26,March,Tuesday,0
20240327,2024-03-27,2024,1,3,13,27,March,Wednesday,0
20240328,2024-03-28,2024,1,3,13,28,March,Thursday,0
20240329,2024-03-29,2024,1,3,13,29,March,Friday,0
20240330,2024-03-30,2024,1,3,13,30,March,Saturday,1
20240331,2024-03-31,2024,1,3,13,31,March,Sunday,1
20240401,2024-04-01,2024,2,4,14,1,April,Monday,0
20240402,2024-04-02,2024,2,4,14,2,April,Tuesday,0
20240403,2024-04-03,2024,2,4,14,3,April,Wednesday,0
20240404,2024-04-04,2024,2,4,14,4,April,Thursday,0
20240405,2024-04-05,2024,2,4,14,5,April,Friday,0
20240406,2024-04-06,2024,2,4,14,6,April,Saturday,1
20240407,2024-04-07,2024,2,4,14,7,April,Sunday,1
20240408,2024-04-08,2024,2,4,15,8,April,Monday,0
20240409,2024-04-09,2024,2,4,15,9,April,Tuesday,0
20240410,2024-04-10,2024,2,4,15,10,April,Wednesday,0
20240411,2024-04-11,2024,2,4,15,11,April,Thursday,0
20240412,2024-04-12,2024,2,4,15,12,April,Friday,0
20240413,2024-04-13,2024,2,4,15,13,April,Saturday,1
20240414,2024-04-14,2024,2,4,15,14,April,Sunday,1
20240415,2024-04-15,2024,2,4,16,15,April,Monday,0
20240416,2024-04-16,2024,2,4,16,16,April,Tuesday,0
20240417,2024-04-17,2024,2,4,16,17,April,Wednesday,0
20240418,2024-04-18,2024,2,4,16,18,April,Thursday,0
20240419,2024-04-19,2024,2,4,16,19,April,Friday,0
20240420,2024-04-20,2024,2,4,16,20,April,Saturday,1
20240421,2024-04-21,2024,2,4,16,21,April,Sunday,1
20240422,2024-04-22,2024,2,4,17,22,April,Monday,0
20240423,2024-04-23,2024,2,4,17,23,April,Tuesday,0
20240424,2024-04-24,2024,2,4,17,24,April,Wednesday,0
20240425,2024-04-25,2024,2,4,17,25,April,Thursday,0
20240426,2024-04-26,2024,2,4,17,26,April,Friday,0
20240427,2024-04-27,2024,2,4,17,27,April,Saturday,1
20240428,2024-04-28,2024,2,4,17,28,April,Sunday,1
20240429,2024-04-29,2024,2,4,18,29,April,Monday,0
20240430,2024-04-30,2024,2,4,18,30,April,Tuesday,0
20240501,2024-05-01,2024,2,5,18,1,May,Wednesday,0
20240502,2024-05-02,2024,2,5,18,2,May,Thursday,0
20240503,2024-05-03,2024,2,5,18,3,May,Friday,0
20240504,2024-05-04,2024,2,5,18,4,May,Saturday,1
20240505,2024-05-05,2024,2,5,18,5,May,Sunday,1
20240506,2024-05-06,2024,2,5,19,6,May,Monday,0
20240507,2024-05-07,2024,2,5,19,7,May,Tuesday,0
20240508,2024-05-08,2024,2,5,19,8,May,Wednesday,0
20240509,2024-05-09,2024,2,5,19,9,May,Thursday,0
20240510,2024-05-10,2024,2,5,19,10,May,Friday,0
20240511,2024-05-11,2024,2,5,19,11,May,Saturday,1
20240512,2024-05-12,2024,2,5,19,12,May,Sunday,1
20240513,2024-05-13,2024,2,5,20,13,May,Monday,0
20240514,2024-05-14,2024,2,5,20,14,May,Tuesday,0
20240515,2024-05-15,2024,2,5,20,15,May,Wednesday,0
20240516,2024-05-16,2024,2,5,20,16,May,Thursday,0
20240517,2024-05-17,2024,2,5,20,17,May,Friday,0
20240518,2024-05-18,2024,2,5,20,18,May,Saturday,1
20240519,2024-05-19,2024,2,5,20,19,May,Sunday,1
20240520,2024-05-20,2024,2,5,21,20,May,Monday,0
20240521,2024-05-21,2024,2,5,21,21,May,Tuesday,0
20240522,2024-05-22,2024,2,5,21,22,May,Wednesday,0
20240523,2024-05-23,2024,2,5,21,23,May,Thursday,0
20240524,2024-05-24,2024,2,5,21,24,May,Friday,0
20240525,2024-05-25,2024,2,5,21,25,May,Saturday,1
20240526,2024-05-26,2024,2,5,21,26,May,Sunday,1
20240527,2024-05-27,2024,2,5,22,27,May,Monday,0
20240528,2024-05-28,2024,2,5,22,28,May,Tuesday,0
20240529,2024-05-29,2024,2,5,22,29,May,Wednesday,0
20240530,2024-05-30,2024,2,5,22,30,May,Thursday,0
20240531,2024-05-31,2024,2,5,22,31,May,Friday,0
20240601,2024-06-01,2024,2,6,22,1,June,Saturday,1
20240602,2024-06-02,2024,2,6,22,2,June,Sunday,1
20240603,2024-06-03,2024,2,6,23,3,June,Monday,0
20240604,2024-06-04,2024,2,6,23,4,June,Tuesday,0
20240605,2024-06-05,2024,2,6,23,5,June,Wednesday,0
20240606,2024-06-06,2024,2,6,23,6,June,Thursday,0
20240607,2024-06-07,2024,2,6,23,7,June,Friday,0
20240608,2024-06-08,2024,2,6,23,8,June,Saturday,1
20240609,2024-06-09,2024,2,6,23,9,June,Sunday,1
20240610,2024-06-10,2024,2,6,24,10,June,Monday,0
20240611,2024-06-11,2024,2,6,24,11,June,Tuesday,0
20240612,2024-06-12,2024,2,6,24,12,June,Wednesday,0
20240613,2024-06-13,2024,2,6,24,13,June,Thursday,0
20240614,2024-06-14,2024,2,6,24,14,June,Friday,0
20240615,2024-06-15,2024,2,6,24,15,June,Saturday,1
20240616,2024-06-16,2024,2,6,24,16,June,Sunday,1
20240617,2024-06-17,2024,2,6,25,17,June,Monday,0
20240618,2024-06-18,2024,2,6,25,18,June,Tuesday,0
20240619,2024-06-19,2024,2,6,25,19,June,Wednesday,0
20240620,2024-06-20,2024,2,6,25,20,June,Thursday,0
20240621,2024-06-21,2024,2,6,25,21,June,Friday,0
20240622,2024-06-22,2024,2,6,25,22,June,Saturday,1
20240623,2024-06-23,2024,2,6,25,23,June,Sunday,1
20240624,2024-06-24,2024,2,6,26,24,June,Monday,0
20240625,2024-06-25,2024,2,6,26,25,June,Tuesday,0
20240626,2024-06-26,2024,2,6,26,26,June,Wednesday,0
20240627,2024-06-27,2024,2,6,26,27,June,Thursday,0
20240628,2024-06-28,2024,2,6,26,28,June,Friday,0
20240629,2024-06-29,2024,2,6,26,29,June,Saturday,1
20240630,2024-06-30,2024,2,6,26,30,June,Sunday,1
20240701,2024-07-01,2024,3,7,27,1,July,Monday,0
20240702,2024-07-02,2024,3,7,27,2,July,Tuesday,0
20240703,2024-07-03,2024,3,7,27,3,July,Wednesday,0
20240704,2024-07-04,2024,3,7,27,4,July,Thursday,0
20240705,2024-07-05,2024,3,7,27,5,July,Friday,0
20240706,2024-07-06,2024,3,7,27,6,July,Saturday,1
20240707,2024-07-07,2024,3,7,27,7,July,Sunday,1
20240708,2024-07-08,2024,3,7,28,8,July,Monday,0
20240709,2024-07-09,2024,3,7,28,9,July,Tuesday,0
20240710,2024-07-10,2024,3,7,28,10,July,Wednesday,0
20240711,2024-07-11,2024,3,7,28,11,July,Thursday,0
20240712,2024-07-12,2024,3,7,28,12,July,Friday,0
20240713,2024-07-13,2024,3,7,28,13,July,Saturday,1
20240714,2024-07-14,2024,3,7,28,14,July,Sunday,1
20240715,2024-07-15,2024,3,7,29,15,July,Monday,0
20240716,2024-07-16,2024,3,7,29,16,July,Tuesday,0
20240717,2024-07-17,2024,3,7,29,17,July,Wednesday,0
20240718,2024-07-18,2024,3,7,29,18,July,Thursday,0
20240719,2024-07-19,2024,3,7,29,19,July,Friday,0
20240720,2024-07-20,2024,3,7,29,20,July,Saturday,1
20240721,2024-07-21,2024,3,7,29,21,July,Sunday,1
20240722,2024-07-22,2024,3,7,30,22,July,Monday,0
20240723,2024-07-23,2024,3,7,30,23,July,Tuesday,0
20240724,2024-07-24,2024,3,7,30,24,July,Wednesday,0
20240725,2024-07-25,2024,3,7,30,25,July,Thursday,0
20240726,2024-07-26,2024,3,7,30,26,July,Friday,0
20240727,2024-07-27,2024,3,7,30,27,July,Saturday,1
20240728,2024-07-28,2024,3,7,30,28,July,Sunday,1
20240729,2024-07-29,2024,3,7,31,29,July,Monday,0
20240730,2024-07-30,2024,3,7,31,30,July,Tuesday,0
20240731,2024-07-31,2024,3,7,31,31,July,Wednesday,0
20240801,2024-08-01,2024,3,8,31,1,August,Thursday,0
20240802,2024-08-02,2024,3,8,31,2,August,Friday,0
20240803,2024-08-03,2024,3,8,31,3,August,Saturday,1
20240804,2024-08-04,2024,3,8,31,4,August,Sunday,1
20240805,2024-08-05,2024,3,8,32,5,August,Monday,0
20240806,2024-08-06,2024,3,8,32,6,August,Tuesday,0
20240807,2024-08-07,2024,3,8,32,7,August,Wednesday,0
20240808,2024-08-08,2024,3,8,32,8,August,Thursday,0
20240809,2024-08-09,2024,3,8,32,9,August,Friday,0
20240810,2024-08-10,2024,3,8,32,10,August,Saturday,1
20240811,2024-08-11,2024,3,8,32,11,August,Sunday,1
20240812,2024-08-12,2024,3,8,33,12,August,Monday,0
20240813,2024-08-13,2024,3,8,33,13,August,Tuesday,0
20240814,2024-08-14,2024,3,8,33,14,August,Wednesday,0
20240815,2024-08-15,2024,3,8,33,15,August,Thursday,0
20240816,2024-08-16,2024,3,8,33,16,August,Friday,0
20240817,2024-08-17,2024,3,8,33,17,August,Saturday,1
20240818,2024-08-18,2024,3,8,33,18,August,Sunday,1
20240819,2024-08-19,2024,3,8,34,19,August,Monday,0
20240820,2024-08-20,2024,3,8,34,20,August,Tuesday,0
20240821,2024-08-21,2024,3,8,34,21,August,Wednesday,0
20240822,2024-08-22,2024,3,8,34,22,August,Thursday,0
20240823,2024-08-23,2024,3,8,34,23,August,Friday,0
20240824,2024-08-24,2024,3,8,34,24,August,Saturday,1
20240825,2024-08-25,2024,3,8,34,25,August,Sunday,1
20240826,2024-08-26,2024,3,8,35,26,August,Monday,0
20240827,2024-08-27,2024,3,8,35,27,August,Tuesday,0
20240828,2024-08-28,2024,3,8,35,28,August,Wednesday,0
20240829,2024-08-29,2024,3,8,35,29,August,Thursday,0
20240830,2024-08-30,2024,3,8,35,30,August,Friday,0
20240831,2024-08-31,2024,3,8,35,31,August,Saturday,1
20240901,2024-09-01,2024,3,9,35,1,September,Sunday,1
20240902,2024-09-02,2024,3,9,36,2,September,Monday,0
20240903,2024-09-03,2024,3,9,36,3,September,Tuesday,0
20240904,2024-09-04,2024,3,9,36,4,September,Wednesday,0
20240905,2024-09-05,2024,3,9,36,5,September,Thursday,0
20240906,2024-09-06,2024,3,9,36,6,September,Friday,0
20240907,2024-09-07,2024,3,9,36,7,September,Saturday,1
20240908,2024-09-08,2024,3,9,36,8,September,Sunday,1
20240909,2024-09-09,2024,3,9,37,9,September,Monday,0
20240910,2024-09-10,2024,3,9,37,10,September,Tuesday,0
20240911,2024-09-11,2024,3,9,37,11,September,Wednesday,0
20240912,2024-09-12,2024,3,9,37,12,September,Thursday,0
20240913,2024-09-13,2024,3,9,37,13,September,Friday,0
20240914,2024-09-14,2024,3,9,37,14,September,Saturday,1
20240915,2024-09-15,2024,3,9,37,15,September,Sunday,1
20240916,2024-09-16,2024,3,9,38,16,September,Monday,0
20240917,2024-09-17,2024,3,9,38,17,September,Tuesday,0
20240918,2024-09-18,2024,3,9,38,18,September,Wednesday,0
20240919,2024-09-19,2024,3,9,38,19,September,Thursday,0
20240920,2024-09-20,2024,3,9,38,20,September,Friday,0
20240921,2024-09-21,2024,3,9,38,21,September,Saturday,1
20240922,2024-09-22,2024,3,9,38,22,September,Sunday,1
20240923,2024-09-23,2024,3,9,39,23,September,Monday,0
20240924,2024-09-24,2024,3,9,39,24,September,Tuesday,0
20240925,2024-09-25,2024,3,9,39,25,September,Wednesday,0
20240926,2024-09-26,2024,3,9,39,26,September,Thursday,0
20240927,2024-09-27,2024,3,9,39,27,September,Friday,0
20240928,2024-09-28,2024,3,9,39,28,September,Saturday,1
20240929,2024-09-29,2024,3,9,39,29,September,Sunday,1
20240930,2024-09-30,2024,3,9,40,30,September,Monday,0
20241001,2024-10-01,2024,4,10,40,1,October,Tuesday,0
20241002,2024-10-02,2024,4,10,40,2,October,Wednesday,0
20241003,2024-10-03,2024,4,10,40,3,October,Thursday,0
20241004,2024-10-04,2024,4,10,40,4,October,Friday,0
20241005,2024-10-05,2024,4,10,40,5,October,Saturday,1
20241006,2024-10-06,2024,4,10,40,6,October,Sunday,1
20241007,2024-10-07,2024,4,10,41,7,October,Monday,0
20241008,2024-10-08,2024,4,10,41,8,October,Tuesday,0
20241009,2024-10-09,2024,4,10,41,9,October,Wednesday,0
20241010,2024-10-10,2024,4,10,41,10,October,Thursday,0
20241011,2024-10-11,2024,4,10,41,11,October,Friday,0
20241012,2024-10-12,2024,4,10,41,12,October,Saturday,1
20241013,2024-10-13,2024,4,10,41,13,October,Sunday,1
20241014,2024-10-14,2024,4,10,42,14,October,Monday,0
20241015,2024-10-15,2024,4,10,42,15,October,Tuesday,0
20241016,2024-10-16,2024,4,10,42,16,October,Wednesday,0
20241017,2024-10-17,2024,4,10,42,17,October,Thursday,0
20241018,2024-10-18,2024,4,10,42,18,October,Friday,0
20241019,2024-10-19,2024,4,10,42,19,October,Saturday,1
20241020,2024-10-20,2024,4,10,42,20,October,Sunday,1
20241021,2024-10-21,2024,4,10,43,21,October,Monday,0
20241022,2024-10-22,2024,4,10,43,22,October,Tuesday,0
20241023,2024-10-23,2024,4,10,43,23,October,Wednesday,0
20241024,2024-10-24,2024,4,10,43,24,October,Thursday,0
20241025,2024-10-25,2024,4,10,43,25,October,Friday,0
20241026,2024-10-26,2024,4,10,43,26,October,Saturday,1
20241027,2024-10-27,2024,4,10,43,27,October,Sunday,1
20241028,2024-10-28,2024,4,10,44,28,October,Monday,0
20241029,2024-10-29,2024,4,10,44,29,October,Tuesday,0
20241030,2024-10-30,2024,4,10,44,30,October,Wednesday,0
20241031,2024-10-31,2024,4,10,44,31,October,Thursday,0
20241101,2024-11-01,2024,4,11,44,1,November,Friday,0
20241102,2024-11-02,2024,4,11,44,2,November,Saturday,1
20241103,2024-11-03,2024,4,11,44,3,November,Sunday,1
20241104,2024-11-04,2024,4,11,45,4,November,Monday,0
20241105,2024-11-05,2024,4,11,45,5,November,Tuesday,0
20241106,2024-11-06,2024,4,11,45,6,November,Wednesday,0
20241107,2024-11-07,2024,4,11,45,7,November,Thursday,0
20241108,2024-11-08,2024,4,11,45,8,November,Friday,0
20241109,2024-11-09,2024,4,11,45,9,November,Saturday,1
20241110,2024-11-10,2024,4,11,45,10,November,Sunday,1
20241111,2024-11-11,2024,4,11,46,11,November,Monday,0
20241112,2024-11-12,2024,4,11,46,12,November,Tuesday,0
20241113,2024-11-13,2024,4,11,46,13,November,Wednesday,0
20241114,2024-11-14,2024,4,11,46,14,November,Thursday,0
20241115,2024-11-15,2024,4,11,46,15,November,Friday,0
20241116,2024-11-16,2024,4,11,46,16,November,Saturday,1
20241117,2024-11-17,2024,4,11,46,17,November,Sunday,1
20241118,2024-11-18,2024,4,11,47,18,November,Monday,0
20241119,2024-11-19,2024,4,11,47,19,November,Tuesday,0
20241120,2024-11-20,2024,4,11,47,20,November,Wednesday,0
20241121,2024-11-21,2024,4,11,47,21,November,Thursday,0
20241122,2024-11-22,2024,4,11,47,22,November,Friday,0
20241123,2024-11-23,2024,4,11,47,23,November,Saturday,1
20241124,2024-11-24,2024,4,11,47,24,November,Sunday,1
20241125,2024-11-25,2024,4,11,48,25,November,Monday,0
20241126,2024-11-26,2024,4,11,48,26,November,Tuesday,0
20241127,2024-11-27,2024,4,11,48,27,November,Wednesday,0
20241128,2024-11-28,2024,4,11,48,28,November,Thursday,0
20241129,2024-11-29,2024,4,11,48,29,November,Friday,0
20241130,2024-11-30,2024,4,11,48,30,November,Saturday,1
20241201,2024-12-01,2024,4,12,48,1,December,Sunday,1
20241202,2024-12-02,2024,4,12,49,2,December,Monday,0
20241203,2024-12-03,2024,4,12,49,3,December,Tuesday,0
20241204,2024-12-04,2024,4,12,49,4,December,Wednesday,0
20241205,2024-12-05,2024,4,12,49,5,December,Thursday,0
20241206,2024-12-06,2024,4,12,49,6,December,Friday,0
20241207,2024-12-07,2024,4,12,49,7,December,Saturday,1
20241208,2024-12-08,2024,4,12,49,8,December,Sunday,1
20241209,2024-12-09,2024,4,12,50,9,December,Monday,0
20241210,2024-12-10,2024,4,12,50,10,December,Tuesday,0
20241211,2024-12-11,2024,4,12,50,11,December,Wednesday,0
20241212,2024-12-12,2024,4,12,50,12,December,Thursday,0
20241213,2024-12-13,2024,4,12,50,13,December,Friday,0
20241214,2024-12-14,2024,4,12,50,14,December,Saturday,1
20241215,2024-12-15,2024,4,12,50,15,December,Sunday,1
20241216,2024-12-16,2024,4,12,51,16,December,Monday,0
20241217,2024-12-17,2024,4,12,51,17,December,Tuesday,0
20241218,2024-12-18,2024,4,12,51,18,December,Wednesday,0
20241219,2024-12-19,2024,4,12,51,19,December,Thursday,0
20241220,2024-12-20,2024,4,12,51,20,December,Friday,0
20241221,2024-12-21,2024,4,12,51,21,December,Saturday,1
20241222,2024-12-22,2024,4,12,51,22,December,Sunday,1
20241223,2024-12-23,2024,4,12,52,23,December,Monday,0
20241224,2024-12-24,2024,4,12,52,24,December,Tuesday,0
20241225,2024-12-25,2024,4,12,52,25,December,Wednesday,0
20241226,2024-12-26,2024,4,12,52,26,December,Thursday,0
20241227,2024-12-27,2024,4,12,52,27,December,Friday,0
20241228,2024-12-28,2024,4,12,52,28,December,Saturday,1
20241229,2024-12-29,2024,4,12,52,29,December,Sunday,1
20241230,2024-12-30,2024,4,12,1,30,December,Monday,0
20241231,2024-12-31,2024,4,12,1,31,December,Tuesday,0
20250101,2025-01-01,2025,1,1,1,1,January,Wednesday,0
20250102,2025-01-02,2025,1,1,1,2,January,Thursday,0
20250103,2025-01-03,2025,1,1,1,3,January,Friday,0
20250104,2025-01-04,2025,1,1,1,4,January,Saturday,1
20250105,2025-01-05,2025,1,1,1,5,January,Sunday,1
20250106,2025-01-06,2025,1,1,2,6,January,Monday,0
20250107,2025-01-07,2025,1,1,2,7,January,Tuesday,0
20250108,2025-01-08,2025,1,1,2,8,January,Wednesday,0
20250109,2025-01-09,2025,1,1,2,9,January,Thursday,0
20250110,2025-01-10,2025,1,1,2,10,January,Friday,0
20250111,2025-01-11,2025,1,1,2,11,January,Saturday,1
20250112,2025-01-12,2025,1,1,2,12,January,Sunday,1
20250113,2025-01-13,2025,1,1,3,13,January,Monday,0
20250114,2025-01-14,2025,1,1,3,14,January,Tuesday,0
20250115,2025-01-15,2025,1,1,3,15,January,Wednesday,0
20250116,2025-01-16,2025,1,1,3,16,January,Thursday,0
20250117,2025-01-17,2025,1,1,3,17,January,Friday,0
20250118,2025-01-18,2025,1,1,3,18,January,Saturday,1
20250119,2025-01-19,2025,1,1,3,19,January,Sunday,1
20250120,2025-01-20,2025,1,1,4,20,January,Monday,0
20250121,2025-01-21,2025,1,1,4,21,January,Tuesday,0
20250122,2025-01-22,2025,1,1,4,22,January,Wednesday,0
20250123,2025-01-23,2025,1,1,4,23,January,Thursday,0
20250124,2025-01-24,2025,1,1,4,24,January,Friday,0
20250125,2025-01-25,2025,1,1,4,25,January,Saturday,1
20250126,2025-01-26,2025,1,1,4,26,January,Sunday,1
20250127,2025-01-27,2025,1,1,5,27,January,Monday,0
20250128,2025-01-28,2025,1,1,5,28,January,Tuesday,0
20250129,2025-01-29,2025,1,1,5,29,January,Wednesday,0
20250130,2025-01-30,2025,1,1,5,30,January,Thursday,0
20250131,2025-01-31,2025,1,1,5,31,January,Friday,0
20250201,2025-02-01,2025,1,2,5,1,February,Saturday,1
20250202,2025-02-02,2025,1,2,5,2,February,Sunday,1
20250203,2025-02-03,2025,1,2,6,3,February,Monday,0
20250204,2025-02-04,2025,1,2,6,4,February,Tuesday,0
20250205,2025-02-05,2025,1,2,6,5,February,Wednesday,0
20250206,2025-02-06,2025,1,2,6,6,February,Thursday,0
20250207,2025-02-07,2025,1,2,6,7,February,Friday,0
20250208,2025-02-08,2025,1,2,6,8,February,Saturday,1
20250209,2025-02-09,2025,1,2,6,9,February,Sunday,1
20250210,2025-02-10,2025,1,2,7,10,February,Monday,0
20250211,2025-02-11,2025,1,2,7,11,February,Tuesday,0
20250212,2025-02-12,2025,1,2,7,12,February,Wednesday,0
20250213,2025-02-13,2025,1,2,7,13,February,Thursday,0
20250214,2025-02-14,2025,1,2,7,14,February,Friday,0
20250215,2025-02-15,2025,1,2,7,15,February,Saturday,1
20250216,2025-02-16,2025,1,2,7,16,February,Sunday,1
20250217,2025-02-17,2025,1,2,8,17,February,Monday,0
20250218,2025-02-18,2025,1,2,8,18,February,Tuesday,0
20250219,2025-02-19,2025,1,2,8,19,February,Wednesday,0
20250220,2025-02-20,2025,1,2,8,20,February,Thursday,0
20250221,2025-02-21,2025,1,2,8,21,February,Friday,0
20250222,2025-02-22,2025,1,2,8,22,February,Saturday,1
20250223,2025-02-23,2025,1,2,8,23,February,Sunday,1
20250224,2025-02-24,2025,1,2,9,24,February,Monday,0
20250225,2025-02-25,2025,1,2,9,25,February,Tuesday,0
20250226,2025-02-26,2025,1,2,9,26,February,Wednesday,0
20250227,2025-02-27,2025,1,2,9,27,February,Thursday,0
20250228,2025-02-28,2025,1,2,9,28,February,Friday,0
20250301,2025-03-01,2025,1,3,9,1,March,Saturday,1
20250302,2025-03-02,2025,1,3,9,2,March,Sunday,1
20250303,2025-03-03,2025,1,3,10,3,March,Monday,0
20250304,2025-03-04,2025,1,3,10,4,March,Tuesday,0
20250305,2025-03-05,2025,1,3,10,5,March,Wednesday,0
20250306,2025-03-06,2025,1,3,10,6,March,Thursday,0
20250307,2025-03-07,2025,1,3,10,7,March,Friday,0
20250308,2025-03-08,2025,1,3,10,8,March,Saturday,1
20250309,2025-03-09,2025,1,3,10,9,March,Sunday,1
20250310,2025-03-10,2025,1,3,11,10,March,Monday,0
20250311,2025-03-11,2025,1,3,11,11,March,Tuesday,0
20250312,2025-03-12,2025,1,3,11,12,March,Wednesday,0
20250313,2025-03-13,2025,1,3,11,13,March,Thursday,0
20250314,2025-03-14,2025,1,3,11,14,March,Friday,0
20250315,2025-03-15,2025,1,3,11,15,March,Saturday,1
20250316,2025-03-16,2025,1,3,11,16,March,Sunday,1
20250317,2025-03-17,2025,1,3,12,17,March,Monday,0
20250318,2025-03-18,2025,1,3,12,18,March,Tuesday,0
20250319,2025-03-19,2025,1,3,12,19,March,Wednesday,0
20250320,2025-03-20,2025,1,3,12,20,March,Thursday,0
20250321,2025-03-21,2025,1,3,12,21,March,Friday,0
20250322,2025-03-22,2025,1,3,12,22,March,Saturday,1
20250323,2025-03-23,2025,1,3,12,23,March,Sunday,1
20250324,2025-03-24,2025,1,3,13,24,March,Monday,0
20250325,2025-03-25,2025,1,3,13,25,March,Tuesday,0
20250326,2025-03-26,2025,1,3,13,26,March,Wednesday,0
20250327,2025-03-27,2025,1,3,13,27,March,Thursday,0
20250328,2025-03-28,2025,1,3,13,28,March,Friday,0
20250329,2025-03-29,2025,1,3,13,29,March,Saturday,1
20250330,2025-03-30,2025,1,3,13,30,March,Sunday,1
20250331,2025-03-31,2025,1,3,14,31,March,Monday,0
20250401,2025-04-01,2025,2,4,14,1,April,Tuesday,0
20250402,2025-04-02,2025,2,4,14,2,April,Wednesday,0
20250403,2025-04-03,2025,2,4,14,3,April,Thursday,0
20250404,2025-04-04,2025,2,4,14,4,April,Friday,0
20250405,2025-04-05,2025,2,4,14,5,April,Saturday,1
20250406,2025-04-06,2025,2,4,14,6,April,Sunday,1
20250407,2025-04-07,2025,2,4,15,7,April,Monday,0
20250408,2025-04-08,2025,2,4,15,8,April,Tuesday,0
20250409,2025-04-09,2025,2,4,15,9,April,Wednesday,0
20250410,2025-04-10,2025,2,4,15,10,April,Thursday,0
20250411,2025-04-11,2025,2,4,15,11,April,Friday,0
20250412,2025-04-12,2025,2,4,15,12,April,Saturday,1
20250413,2025-04-13,2025,2,4,15,13,April,Sunday,1
20250414,2025-04-14,2025,2,4,16,14,April,Monday,0
20250415,2025-04-15,2025,2,4,16,15,April,Tuesday,0
20250416,2025-04-16,2025,2,4,16,16,April,Wednesday,0
20250417,2025-04-17,2025,2,4,16,17,April,Thursday,0
20250418,2025-04-18,2025,2,4,16,18,April,Friday,0
20250419,2025-04-19,2025,2,4,16,19,April,Saturday,1
20250420,2025-04-20,2025,2,4,16,20,April,Sunday,1
20250421,2025-04-21,2025,2,4,17,21,April,Monday,0
20250422,2025-04-22,2025,2,4,17,22,April,Tuesday,0
20250423,2025-04-23,2025,2,4,17,23,April,Wednesday,0
20250424,2025-04-24,2025,2,4,17,24,April,Thursday,0
20250425,2025-04-25,2025,2,4,17,25,April,Friday,0
20250426,2025-04-26,2025,2,4,17,26,April,Saturday,1
20250427,2025-04-27,2025,2,4,17,27,April,Sunday,1
20250428,2025-04-28,2025,2,4,18,28,April,Monday,0
20250429,2025-04-29,2025,2,4,18,29,April,Tuesday,0
20250430,2025-04-30,2025,2,4,18,30,April,Wednesday,0
20250501,2025-05-01,2025,2,5,18,1,May,Thursday,0
20250502,2025-05-02,2025,2,5,18,2,May,Friday,0
20250503,2025-05-03,2025,2,5,18,3,May,Saturday,1
20250504,2025-05-04,2025,2,5,18,4,May,Sunday,1
20250505,2025-05-05,2025,2,5,19,5,May,Monday,0
20250506,2025-05-06,2025,2,5,19,6,May,Tuesday,0
20250507,2025-05-07,2025,2,5,19,7,May,Wednesday,0
20250508,2025-05-08,2025,2,5,19,8,May,Thursday,0
20250509,2025-05-09,2025,2,5,19,9,May,Friday,0
20250510,2025-05-10,2025,2,5,19,10,May,Saturday,1
20250511,2025-05-11,2025,2,5,19,11,May,Sunday,1
20250512,2025-05-12,2025,2,5,20,12,May,Monday,0
20250513,2025-05-13,2025,2,5,20,13,May,Tuesday,0
20250514,2025-05-14,2025,2,5,20,14,May,Wednesday,0
20250515,2025-05-15,2025,2,5,20,15,May,Thursday,0
20250516,2025-05-16,2025,2,5,20,16,May,Friday,0
20250517,2025-05-17,2025,2,5,20,17,May,Saturday,1
20250518,2025-05-18,2025,2,5,20,18,May,Sunday,1
20250519,2025-05-19,2025,2,5,21,19,May,Monday,0
20250520,2025-05-20,2025,2,5,21,20,May,Tuesday,0
20250521,2025-05-21,2025,2,5,21,21,May,Wednesday,0
20250522,2025-05-22,2025,2,5,21,22,May,Thursday,0
20250523,2025-05-23,2025,2,5,21,23,May,Friday,0
20250524,2025-05-24,2025,2,5,21,24,May,Saturday,1
20250525,2025-05-25,2025,2,5,21,25,May,Sunday,1
20250526,2025-05-26,2025,2,5,22,26,May,Monday,0
20250527,2025-05-27,2025,2,5,22,27,May,Tuesday,0
20250528,2025-05-28,2025,2,5,22,28,May,Wednesday,0
20250529,2025-05-29,2025,2,5,22,29,May,Thursday,0
20250530,2025-05-30,2025,2,5,22,30,May,Friday,0
20250531,2025-05-31,2025,2,5,22,31,May,Saturday,1
20250601,2025-06-01,2025,2,6,22,1,June,Sunday,1
20250602,2025-06-02,2025,2,6,23,2,June,Monday,0
20250603,2025-06-03,2025,2,6,23,3,June,Tuesday,0
20250604,2025-06-04,2025,2,6,23,4,June,Wednesday,0
20250605,2025-06-05,2025,2,6,23,5,June,Thursday,0
20250606,2025-06-06,2025,2,6,23,6,June,Friday,0
20250607,2025-06-07,2025,2,6,23,7,June,Saturday,1
20250608,2025-06-08,2025,2,6,23,8,June,Sunday,1
20250609,2025-06-09,2025,2,6,24,9,June,Monday,0
20250610,2025-06-10,2025,2,6,24,10,June,Tuesday,0
20250611,2025-06-11,2025,2,6,24,11,June,Wednesday,0
20250612,2025-06-12,2025,2,6,24,12,June,Thursday,0
20250613,2025-06-13,2025,2,6,24,13,June,Friday,0
20250614,2025-06-14,2025,2,6,24,14,June,Saturday,1
20250615,2025-06-15,2025,2,6,24,15,June,Sunday,1
20250616,2025-06-16,2025,2,6,25,16,June,Monday,0
20250617,2025-06-17,2025,2,6,25,17,June,Tuesday,0
20250618,2025-06-18,2025,2,6,25,18,June,Wednesday,0
20250619,2025-06-19,2025,2,6,25,19,June,Thursday,0
20250620,2025-06-20,2025,2,6,25,20,June,Friday,0
20250621,2025-06-21,2025,2,6,25,21,June,Saturday,1
20250622,2025-06-22,2025,2,6,25,22,June,Sunday,1
20250623,2025-06-23,2025,2,6,26,23,June,Monday,0
20250624,2025-06-24,2025,2,6,26,24,June,Tuesday,0
20250625,2025-06-25,2025,2,6,26,25,June,Wednesday,0
20250626,2025-06-26,2025,2,6,26,26,June,Thursday,0
20250627,2025-06-27,2025,2,6,26,27,June,Friday,0
20250628,2025-06-28,2025,2,6,26,28,June,Saturday,1
20250629,2025-06-29,2025,2,6,26,29,June,Sunday,1
20250630,2025-06-30,2025,2,6,27,30,June,Monday,0
20250701,2025-07-01,2025,3,7,27,1,July,Tuesday,0
20250702,2025-07-02,2025,3,7,27,2,July,Wednesday,0
20250703,2025-07-03,2025,3,7,27,3,July,Thursday,0
20250704,2025-07-04,2025,3,7,27,4,July,Friday,0
20250705,2025-07-05,2025,3,7,27,5,July,Saturday,1
20250706,2025-07-06,2025,3,7,27,6,July,Sunday,1
20250707,2025-07-07,2025,3,7,28,7,July,Monday,0
20250708,2025-07-08,2025,3,7,28,8,July,Tuesday,0
20250709,2025-07-09,2025,3,7,28,9,July,Wednesday,0
20250710,2025-07-10,2025,3,7,28,10,July,Thursday,0
20250711,2025-07-11,2025,3,7,28,11,July,Friday,0
20250712,2025-07-12,2025,3,7,28,12,July,Saturday,1
20250713,2025-07-13,2025,3,7,28,13,July,Sunday,1
20250714,2025-07-14,2025,3,7,29,14,July,Monday,0
20250715,2025-07-15,2025,3,7,29,15,July,Tuesday,0
20250716,2025-07-16,2025,3,7,29,16,July,Wednesday,0
20250717,2025-07-17,2025,3,7,29,17,July,Thursday,0
20250718,2025-07-18,2025,3,7,29,18,July,Friday,0
20250719,2025-07-19,2025,3,7,29,19,July,Saturday,1
20250720,2025-07-20,2025,3,7,29,20,July,Sunday,1
20250721,2025-07-21,2025,3,7,30,21,July,Monday,0
20250722,2025-07-22,2025,3,7,30,22,July,Tuesday,0
20250723,2025-07-23,2025,3,7,30,23,July,Wednesday,0
20250724,2025-07-24,2025,3,7,30,24,July,Thursday,0
20250725,2025-07-25,2025,3,7,30,25,July,Friday,0
20250726,2025-07-26,2025,3,7,30,26,July,Saturday,1
20250727,2025-07-27,2025,3,7,30,27,July,Sunday,1
20250728,2025-07-28,2025,3,7,31,28,July,Monday,0
20250729,2025-07-29,2025,3,7,31,29,July,Tuesday,0
20250730,2025-07-30,2025,3,7,31,30,July,Wednesday,0
20250731,2025-07-31,2025,3,7,31,31,July,Thursday,0
20250801,2025-08-01,2025,3,8,31,1,August,Friday,0
20250802,2025-08-02,2025,3,8,31,2,August,Saturday,1
20250803,2025-08-03,2025,3,8,31,3,August,Sunday,1
20250804,2025-08-04,2025,3,8,32,4,August,Monday,0
20250805,2025-08-05,2025,3,8,32,5,August,Tuesday,0
20250806,2025-08-06,2025,3,8,32,6,August,Wednesday,0
20250807,2025-08-07,2025,3,8,32,7,August,Thursday,0
20250808,2025-08-08,2025,3,8,32,8,August,Friday,0
20250809,2025-08-09,2025,3,8,32,9,August,Saturday,1
20250810,2025-08-10,2025,3,8,32,10,August,Sunday,1
20250811,2025-08-11,2025,3,8,33,11,August,Monday,0
20250812,2025-08-12,2025,3,8,33,12,August,Tuesday,0
20250813,2025-08-13,2025,3,8,33,13,August,Wednesday,0
20250814,2025-08-14,2025,3,8,33,14,August,Thursday,0
20250815,2025-08-15,2025,3,8,33,15,August,Friday,0
20250816,2025-08-16,2025,3,8,33,16,August,Saturday,1
20250817,2025-08-17,2025,3,8,33,17,August,Sunday,1
20250818,2025-08-18,2025,3,8,34,18,August,Monday,0
20250819,2025-08-19,2025,3,8,34,19,August,Tuesday,0
20250820,2025-08-20,2025,3,8,34,20,August,Wednesday,0
20250821,2025-08-21,2025,3,8,34,21,August,Thursday,0
20250822,2025-08-22,2025,3,8,34,22,August,Friday,0
20250823,2025-08-23,2025,3,8,34,23,August,Saturday,1
20250824,2025-08-24,2025,3,8,34,24,August,Sunday,1
20250825,2025-08-25,2025,3,8,35,25,August,Monday,0
20250826,2025-08-26,2025,3,8,35,26,August,Tuesday,0
20250827,2025-08-27,2025,3,8,35,27,August,Wednesday,0
20250828,2025-08-28,2025,3,8,35,28,August,Thursday,0
20250829,2025-08-29,2025,3,8,35,29,August,Friday,0
20250830,2025-08-30,2025,3,8,35,30,August,Saturday,1
20250831,2025-08-31,2025,3,8,35,31,August,Sunday,1
20250901,2025-09-01,2025,3,9,36,1,September,Monday,0
20250902,2025-09-02,2025,3,9,36,2,September,Tuesday,0
20250903,2025-09-03,2025,3,9,36,3,September,Wednesday,0
20250904,2025-09-04,2025,3,9,36,4,September,Thursday,0
20250905,2025-09-05,2025,3,9,36,5,September,Friday,0
20250906,2025-09-06,2025,3,9,36,6,September,Saturday,1
20250907,2025-09-07,2025,3,9,36,7,September,Sunday,1
20250908,2025-09-08,2025,3,9,37,8,September,Monday,0
20250909,2025-09-09,2025,3,9,37,9,September,Tuesday,0
20250910,2025-09-10,2025,3,9,37,10,September,Wednesday,0
20250911,2025-09-11,2025,3,9,37,11,September,Thursday,0
20250912,2025-09-12,2025,3,9,37,12,September,Friday,0
20250913,2025-09-13,2025,3,9,37,13,September,Saturday,1
20250914,2025-09-14,2025,3,9,37,14,September,Sunday,1
20250915,2025-09-15,2025,3,9,38,15,September,Monday,0
20250916,2025-09-16,2025,3,9,38,16,September,Tuesday,0
20250917,2025-09-17,2025,3,9,38,17,September,Wednesday,0
20250918,2025-09-18,2025,3,9,38,18,September,Thursday,0
20250919,2025-09-19,2025,3,9,38,19,September,Friday,0
20250920,2025-09-20,2025,3,9,38,20,September,Saturday,1
20250921,2025-09-21,2025,3,9,38,21,September,Sunday,1
20250922,2025-09-22,2025,3,9,39,22,September,Monday,0
20250923,2025-09-23,2025,3,9,39,23,September,Tuesday,0
20250924,2025-09-24,2025,3,9,39,24,September,Wednesday,0
20250925,2025-09-25,2025,3,9,39,25,September,Thursday,0
20250926,2025-09-26,2025,3,9,39,26,September,Friday,0
20250927,2025-09-27,2025,3,9,39,27,September,Saturday,1
20250928,2025-09-28,2025,3,9,39,28,September,Sunday,1
20250929,2025-09-29,2025,3,9,40,29,September,Monday,0
20250930,2025-09-30,2025,3,9,40,30,September,Tuesday,0
20251001,2025-10-01,2025,4,10,40,1,October,Wednesday,0
20251002,2025-10-02,2025,4,10,40,2,October,Thursday,0
20251003,2025-10-03,2025,4,10,40,3,October,Friday,0
20251004,2025-10-04,2025,4,10,40,4,October,Saturday,1
20251005,2025-10-05,2025,4,10,40,5,October,Sunday,1
20251006,2025-10-06,2025,4,10,41,6,October,Monday,0
20251007,2025-10-07,2025,4,10,41,7,October,Tuesday,0
20251008,2025-10-08,2025,4,10,41,8,October,Wednesday,0
20251009,2025-10-09,2025,4,10,41,9,October,Thursday,0
20251010,2025-10-10,2025,4,10,41,10,October,Friday,0
20251011,2025-10-11,2025,4,10,41,11,October,Saturday,1
20251012,2025-10-12,2025,4,10,41,12,October,Sunday,1
20251013,2025-10-13,2025,4,10,42,13,October,Monday,0
20251014,2025-10-14,2025,4,10,42,14,October,Tuesday,0
20251015,2025-10-15,2025,4,10,42,15,October,Wednesday,0
20251016,2025-10-16,2025,4,10,42,16,October,Thursday,0
20251017,2025-10-17,2025,4,10,42,17,October,Friday,0
20251018,2025-10-18,2025,4,10,42,18,October,Saturday,1
20251019,2025-10-19,2025,4,10,42,19,October,Sunday,1
20251020,2025-10-20,2025,4,10,43,20,October,Monday,0
20251021,2025-10-21,2025,4,10,43,21,October,Tuesday,0
20251022,2025-10-22,2025,4,10,43,22,October,Wednesday,0
20251023,2025-10-23,2025,4,10,43,23,October,Thursday,0
20251024,2025-10-24,2025,4,10,43,24,October,Friday,0
20251025,2025-10-25,2025,4,10,43,25,October,Saturday,1
20251026,2025-10-26,2025,4,10,43,26,October,Sunday,1
20251027,2025-10-27,2025,4,10,44,27,October,Monday,0
20251028,2025-10-28,2025,4,10,44,28,October,Tuesday,0
20251029,2025-10-29,2025,4,10,44,29,October,Wednesday,0
20251030,2025-10-30,2025,4,10,44,30,October,Thursday,0
20251031,2025-10-31,2025,4,10,44,31,October,Friday,0
20251101,2025-11-01,2025,4,11,44,1,November,Saturday,1
20251102,2025-11-02,2025,4,11,44,2,November,Sunday,1
20251103,2025-11-03,2025,4,11,45,3,November,Monday,0
20251104,2025-11-04,2025,4,11,45,4,November,Tuesday,0
20251105,2025-11-05,2025,4,11,45,5,November,Wednesday,0
20251106,2025-11-06,2025,4,11,45,6,November,Thursday,0
20251107,2025-11-07,2025,4,11,45,7,November,Friday,0
20251108,2025-11-08,2025,4,11,45,8,November,Saturday,1
20251109,2025-11-09,2025,4,11,45,9,November,Sunday,1
20251110,2025-11-10,2025,4,11,46,10,November,Monday,0
20251111,2025-11-11,2025,4,11,46,11,November,Tuesday,0
20251112,2025-11-12,2025,4,11,46,12,November,Wednesday,0
20251113,2025-11-13,2025,4,11,46,13,November,Thursday,0
20251114,2025-11-14,2025,4,11,46,14,November,Friday,0
20251115,2025-11-15,2025,4,11,46,15,November,Saturday,1
20251116,2025-11-16,2025,4,11,46,16,November,Sunday,1
20251117,2025-11-17,2025,4,11,47,17,November,Monday,0
20251118,2025-11-18,2025,4,11,47,18,November,Tuesday,0
20251119,2025-11-19,2025,4,11,47,19,November,Wednesday,0
20251120,2025-11-20,2025,4,11,47,20,November,Thursday,0
20251121,2025-11-21,2025,4,11,47,21,November,Friday,0
20251122,2025-11-22,2025,4,11,47,22,November,Saturday,1
20251123,2025-11-23,2025,4,11,47,23,November,Sunday,1
20251124,2025-11-24,2025,4,11,48,24,November,Monday,0
20251125,2025-11-25,2025,4,11,48,25,November,Tuesday,0
20251126,2025-11-26,2025,4,11,48,26,November,Wednesday,0
20251127,2025-11-27,2025,4,11,48,27,November,Thursday,0
20251128,2025-11-28,2025,4,11,48,28,November,Friday,0
20251129,2025-11-29,2025,4,11,48,29,November,Saturday,1
20251130,2025-11-30,2025,4,11,48,30,November,Sunday,1
20251201,2025-12-01,2025,4,12,49,1,December,Monday,0
20251202,2025-12-02,2025,4,12,49,2,December,Tuesday,0
20251203,2025-12-03,2025,4,12,49,3,December,Wednesday,0
20251204,2025-12-04,2025,4,12,49,4,December,Thursday,0
20251205,2025-12-05,2025,4,12,49,5,December,Friday,0
20251206,2025-12-06,2025,4,12,49,6,December,Saturday,1
20251207,2025-12-07,2025,4,12,49,7,December,Sunday,1
20251208,2025-12-08,2025,4,12,50,8,December,Monday,0
20251209,2025-12-09,2025,4,12,50,9,December,Tuesday,0
20251210,2025-12-10,2025,4,12,50,10,December,Wednesday,0
20251211,2025-12-11,2025,4,12,50,11,December,Thursday,0
20251212,2025-12-12,2025,4,12,50,12,December,Friday,0
20251213,2025-12-13,2025,4,12,50,13,December,Saturday,1
20251214,2025-12-14,2025,4,12,50,14,December,Sunday,1
20251215,2025-12-15,2025,4,12,51,15,December,Monday,0
20251216,2025-12-16,2025,4,12,51,16,December,Tuesday,0
20251217,2025-12-17,2025,4,12,51,17,December,Wednesday,0
20251218,2025-12-18,2025,4,12,51,18,December,Thursday,0
20251219,2025-12-19,2025,4,12,51,19,December,Friday,0
20251220,2025-12-20,2025,4,12,51,20,December,Saturday,1
20251221,2025-12-21,2025,4,12,51,21,December,Sunday,1
20251222,2025-12-22,2025,4,12,52,22,December,Monday,0
20251223,2025-12-23,2025,4,12,52,23,December,Tuesday,0
20251224,2025-12-24,2025,4,12,52,24,December,Wednesday,0
20251225,2025-12-25,2025,4,12,52,25,December,Thursday,0
20251226,2025-12-26,2025,4,12,52,26,December,Friday,0
20251227,2025-12-27,2025,4,12,52,27,December,Saturday,1
20251228,2025-12-28,2025,4,12,52,28,December,Sunday,1
20251229,2025-12-29,2025,4,12,1,29,December,Monday,0
20251230,2025-12-30,2025,4,12,1,30,December,Tuesday,0
20251231,2025-12-31,2025,4,12,1,31,December,Wednesday,0
